2025-11-24 19:01:16,040 - Knowledge - INFO - Created shared MongoDB connection pool
2025-11-24 19:01:16,040 - Knowledge - INFO - Starting Knowledge Graph processing with 20 threads
2025-11-24 19:01:16,040 - Knowledge - INFO - Initial configuration: chunk_size=65536, max_cache_size=500
2025-11-24 19:01:16,040 - Knowledge - INFO - Knowledge Graph concurrency configuration: workers=20, max_batch_size=25, max_concurrent_llm_calls=50
2025-11-24 19:01:17,080 - Knowledge - INFO - 🔍 _load_persisted_knowledge called - checking for Redis optimization
2025-11-24 19:01:17,080 - Knowledge - WARNING - ❌ load_from_redis method not found - Redis support not attached
2025-11-24 19:01:17,080 - Knowledge - INFO - load persisted knowledge: begin
2025-11-24 19:01:17,081 - Knowledge - INFO - Loaded 0 files from persisted knowledge
2025-11-24 19:01:17,081 - Knowledge - INFO - load persisted knowledge: end
2025-11-24 19:01:17,081 - Knowledge - WARNING - No persisted knowledge found. Files will be queued during start()
2025-11-24 19:01:17,081 - Knowledge - INFO - 🔧 add_redis_support_to_knowledge called - knowledge_instance.id: 3TByOf-b6251fx, build_ids: ['b6251fx']
2025-11-24 19:01:17,081 - Knowledge - INFO - 🔧 Using build_ids[0] for Redis prefix: b6251fx
2025-11-24 19:01:17,081 - Knowledge - INFO - 🔧 Redis prefix set to: knowledge:b6251fx:
2025-11-24 19:01:17,081 - Knowledge - INFO - 🔧 Redis support added - prefix: knowledge:b6251fx:, stored build_ids: ['b6251fx']
2025-11-24 19:01:17,081 - Knowledge - INFO - Redis support added with prefix knowledge:b6251fx:
2025-11-24 19:01:17,088 - Knowledge - INFO - Starting knowledge initialization for ID: 3TByOf-b6251fx
2025-11-24 19:01:17,088 - Knowledge - INFO - 🔍 Checking Redis for build_id: b6251fx
2025-11-24 19:01:17,088 - Knowledge - INFO - 🔍 Full session ID: 3TByOf-b6251fx
2025-11-24 19:01:17,088 - Knowledge - INFO - 🔍 Redis prefix will be: knowledge:b6251fx:
2025-11-24 19:01:17,088 - Knowledge - INFO - 🔍 Using attached load_from_redis() method
2025-11-24 19:01:17,088 - Knowledge - INFO - 🔍 Attempting to load knowledge from Redis...
2025-11-24 19:01:17,088 - Knowledge - INFO - 🔍 Using build_ids for Redis lookup: ['b6251fx']
2025-11-24 19:01:17,088 - Knowledge - INFO - 🔍 GETTING FROM REDIS - Requested IDs: ['b6251fx']
2025-11-24 19:01:17,089 - Knowledge - INFO - 🔍 GETTING FROM REDIS - ID: b6251fx, Prefix: knowledge:b6251fx:
2025-11-24 19:01:17,111 - Knowledge - WARNING - ❌ NO DATA FOUND in Redis for IDs: ['b6251fx'], Prefixes tried: ['knowledge:b6251fx:']
2025-11-24 19:01:17,111 - Knowledge - WARNING - ❌ No Redis cache found
2025-11-24 19:01:17,111 - Knowledge - INFO - 🔍 GETTING FROM REDIS - Requested IDs: ['b6251fx']
2025-11-24 19:01:17,111 - Knowledge - INFO - 🔍 GETTING FROM REDIS - ID: b6251fx, Prefix: knowledge:b6251fx:
2025-11-24 19:01:17,116 - Knowledge - WARNING - ❌ NO DATA FOUND in Redis for IDs: ['b6251fx'], Prefixes tried: ['knowledge:b6251fx:']
2025-11-24 19:01:17,116 - Knowledge - INFO - 📁 Loading knowledge from disk...
2025-11-24 19:01:17,131 - Knowledge - INFO - load persisted docinfo: begin
2025-11-24 19:01:17,132 - Knowledge - INFO - load persisted docinfo: end
2025-11-24 19:01:17,132 - Knowledge - INFO - 🔍 _load_persisted_knowledge called - checking for Redis optimization
2025-11-24 19:01:17,132 - Knowledge - INFO - ✅ load_from_redis method found - attempting Redis load
2025-11-24 19:01:17,132 - Knowledge - INFO - 🔍 Attempting to load knowledge from Redis...
2025-11-24 19:01:17,132 - Knowledge - INFO - 🔍 Using build_ids for Redis lookup: ['b6251fx']
2025-11-24 19:01:17,132 - Knowledge - INFO - 🔍 GETTING FROM REDIS - Requested IDs: ['b6251fx']
2025-11-24 19:01:17,132 - Knowledge - INFO - 🔍 GETTING FROM REDIS - ID: b6251fx, Prefix: knowledge:b6251fx:
2025-11-24 19:01:17,138 - Knowledge - WARNING - ❌ NO DATA FOUND in Redis for IDs: ['b6251fx'], Prefixes tried: ['knowledge:b6251fx:']
2025-11-24 19:01:17,138 - Knowledge - WARNING - ❌ No Redis cache found
2025-11-24 19:01:17,138 - Knowledge - INFO - ❌ Redis load returned False - falling back to file loading
2025-11-24 19:01:17,138 - Knowledge - INFO - load persisted knowledge: begin
2025-11-24 19:01:17,138 - Knowledge - INFO - Loaded 0 files from persisted knowledge
2025-11-24 19:01:17,138 - Knowledge - INFO - load persisted knowledge: end
2025-11-24 19:01:17,138 - Knowledge - INFO - 📁 Disk load complete in 0.02s
2025-11-24 19:01:17,138 - Knowledge - INFO - Populating ingest queue with source files...
2025-11-24 19:01:17,145 - Knowledge - INFO - Added 201 files from /Users/veera/Documents/kavia-backend/graphnode-backend-api/data/rdk7542/223886/b6251fx/flask-223886 to ingest queue
2025-11-24 19:01:17,145 - Knowledge - INFO - Worker kw1 created using shared MongoDB connection pool
2025-11-24 19:01:17,145 - Knowledge - INFO - knowledge worker kw1 start
2025-11-24 19:01:17,145 - Knowledge - INFO - Worker kw2 created using shared MongoDB connection pool
2025-11-24 19:01:17,146 - Knowledge - INFO - [kw1] Queue=201, InProgress=0, PendingWorkers=0/1, Completed=0/201 (0.0%)
2025-11-24 19:01:17,146 - Knowledge - INFO - knowledge worker kw2 start
2025-11-24 19:01:17,146 - Knowledge - INFO - Batch sizing: calculated=15, max_allowed=25, queue=201, active_workers=0/1
2025-11-24 19:01:17,146 - Knowledge - INFO - Worker kw3 created using shared MongoDB connection pool
2025-11-24 19:01:17,146 - Knowledge - INFO - [kw2] Queue=201, InProgress=0, PendingWorkers=0/2, Completed=0/201 (0.0%)
2025-11-24 19:01:17,146 - Knowledge - INFO - Worker kw1 processing /Users/veera/Documents/kavia-backend/graphnode-backend-api/data/rdk7542/223886/b6251fx/flask-223886/pyproject.toml
2025-11-24 19:01:17,146 - Knowledge - INFO - knowledge worker kw3 start
2025-11-24 19:01:17,146 - Knowledge - INFO - Batch sizing: calculated=15, max_allowed=25, queue=201, active_workers=1/2
2025-11-24 19:01:17,146 - Knowledge - INFO - Worker kw4 created using shared MongoDB connection pool
2025-11-24 19:01:17,146 - Knowledge - INFO - Fast-tracked /Users/veera/Documents/kavia-backend/graphnode-backend-api/data/rdk7542/223886/b6251fx/flask-223886/pyproject.toml (ext=.toml, size=6567)
2025-11-24 19:01:17,147 - Knowledge - INFO - [kw3] Queue=171, InProgress=0, PendingWorkers=2/3, Completed=0/201 (0.0%)
2025-11-24 19:01:17,147 - Knowledge - INFO - Worker kw2 processing /Users/veera/Documents/kavia-backend/graphnode-backend-api/data/rdk7542/223886/b6251fx/flask-223886/tests/test_apps/blueprintapp/apps/admin/static/test.txt
2025-11-24 19:01:17,147 - Knowledge - INFO - Worker kw1 processing /Users/veera/Documents/kavia-backend/graphnode-backend-api/data/rdk7542/223886/b6251fx/flask-223886/tests/test_basic.py
2025-11-24 19:01:17,147 - Knowledge - INFO - knowledge worker kw4 start
2025-11-24 19:01:17,147 - Knowledge - INFO - Worker kw5 created using shared MongoDB connection pool
2025-11-24 19:01:17,147 - Knowledge - INFO - Batch sizing: calculated=12, max_allowed=25, queue=171, active_workers=2/4
2025-11-24 19:01:17,147 - Knowledge - INFO - Fast-tracked /Users/veera/Documents/kavia-backend/graphnode-backend-api/data/rdk7542/223886/b6251fx/flask-223886/tests/test_apps/blueprintapp/apps/admin/static/test.txt (ext=.txt, size=11)
2025-11-24 19:01:17,147 - Knowledge - INFO - Fast-tracked /Users/veera/Documents/kavia-backend/graphnode-backend-api/data/rdk7542/223886/b6251fx/flask-223886/tests/test_basic.py (ext=.py, size=53603)
2025-11-24 19:01:17,147 - Knowledge - INFO - knowledge worker kw5 start
2025-11-24 19:01:17,147 - Knowledge - INFO - [kw4] Queue=171, InProgress=0, PendingWorkers=2/4, Completed=0/201 (0.0%)
2025-11-24 19:01:17,147 - Knowledge - INFO - Worker kw6 created using shared MongoDB connection pool
2025-11-24 19:01:17,147 - Knowledge - INFO - Worker kw2 processing /Users/veera/Documents/kavia-backend/graphnode-backend-api/data/rdk7542/223886/b6251fx/flask-223886/tests/test_apps/blueprintapp/apps/admin/templates/admin/index.html
2025-11-24 19:01:17,147 - Knowledge - INFO - Worker kw3 processing /Users/veera/Documents/kavia-backend/graphnode-backend-api/data/rdk7542/223886/b6251fx/flask-223886/tests/test_subclassing.py
2025-11-24 19:01:17,147 - Knowledge - INFO - Worker kw1 processing /Users/veera/Documents/kavia-backend/graphnode-backend-api/data/rdk7542/223886/b6251fx/flask-223886/tests/conftest.py
2025-11-24 19:01:17,148 - Knowledge - INFO - [kw5] Queue=159, InProgress=0, PendingWorkers=3/5, Completed=0/201 (0.0%)
2025-11-24 19:01:17,148 - Knowledge - INFO - Batch sizing: calculated=12, max_allowed=25, queue=171, active_workers=3/5
2025-11-24 19:01:17,148 - Knowledge - INFO - knowledge worker kw6 start
2025-11-24 19:01:17,148 - Knowledge - INFO - Worker kw7 created using shared MongoDB connection pool
2025-11-24 19:01:17,148 - Knowledge - INFO - Fast-tracked /Users/veera/Documents/kavia-backend/graphnode-backend-api/data/rdk7542/223886/b6251fx/flask-223886/tests/test_subclassing.py (ext=.py, size=480)
2025-11-24 19:01:17,148 - Knowledge - INFO - Fast-tracked /Users/veera/Documents/kavia-backend/graphnode-backend-api/data/rdk7542/223886/b6251fx/flask-223886/tests/test_apps/blueprintapp/apps/admin/templates/admin/index.html (ext=.html, size=21)
2025-11-24 19:01:17,148 - Knowledge - INFO - Fast-tracked /Users/veera/Documents/kavia-backend/graphnode-backend-api/data/rdk7542/223886/b6251fx/flask-223886/tests/conftest.py (ext=.py, size=3293)
2025-11-24 19:01:17,148 - Knowledge - INFO - Batch sizing: calculated=12, max_allowed=25, queue=159, active_workers=3/6
2025-11-24 19:01:17,148 - Knowledge - INFO - Worker kw4 processing /Users/veera/Documents/kavia-backend/graphnode-backend-api/data/rdk7542/223886/b6251fx/flask-223886/tests/templates/escaping_template.html
2025-11-24 19:01:17,148 - Knowledge - INFO - [kw6] Queue=147, InProgress=0, PendingWorkers=4/6, Completed=0/201 (0.0%)
2025-11-24 19:01:17,148 - Knowledge - INFO - knowledge worker kw7 start
2025-11-24 19:01:17,148 - Knowledge - INFO - Worker kw3 processing /Users/veera/Documents/kavia-backend/graphnode-backend-api/data/rdk7542/223886/b6251fx/flask-223886/tests/test_reqctx.py
2025-11-24 19:01:17,148 - Knowledge - INFO - Worker kw8 created using shared MongoDB connection pool
2025-11-24 19:01:17,148 - Knowledge - INFO - Worker kw2 processing /Users/veera/Documents/kavia-backend/graphnode-backend-api/data/rdk7542/223886/b6251fx/flask-223886/tests/test_apps/helloworld/hello.py
2025-11-24 19:01:17,148 - Knowledge - INFO - Worker kw1 processing /Users/veera/Documents/kavia-backend/graphnode-backend-api/data/rdk7542/223886/b6251fx/flask-223886/tests/test_converters.py
2025-11-24 19:01:17,148 - Knowledge - INFO - Worker kw5 processing /Users/veera/Documents/kavia-backend/graphnode-backend-api/data/rdk7542/223886/b6251fx/flask-223886/tests/test_appctx.py
2025-11-24 19:01:17,149 - Knowledge - INFO - Batch sizing: calculated=12, max_allowed=25, queue=147, active_workers=5/7
2025-11-24 19:01:17,149 - Knowledge - INFO - Fast-tracked /Users/veera/Documents/kavia-backend/graphnode-backend-api/data/rdk7542/223886/b6251fx/flask-223886/tests/templates/escaping_template.html (ext=.html, size=147)
2025-11-24 19:01:17,149 - Knowledge - INFO - [kw7] Queue=135, InProgress=0, PendingWorkers=5/7, Completed=0/201 (0.0%)
2025-11-24 19:01:17,149 - Knowledge - INFO - Fast-tracked /Users/veera/Documents/kavia-backend/graphnode-backend-api/data/rdk7542/223886/b6251fx/flask-223886/tests/test_reqctx.py (ext=.py, size=8698)
2025-11-24 19:01:17,149 - Knowledge - INFO - knowledge worker kw8 start
2025-11-24 19:01:17,149 - Knowledge - INFO - Worker kw9 created using shared MongoDB connection pool
2025-11-24 19:01:17,149 - Knowledge - INFO - Fast-tracked /Users/veera/Documents/kavia-backend/graphnode-backend-api/data/rdk7542/223886/b6251fx/flask-223886/tests/test_apps/helloworld/hello.py (ext=.py, size=104)
2025-11-24 19:01:17,149 - Knowledge - INFO - Fast-tracked /Users/veera/Documents/kavia-backend/graphnode-backend-api/data/rdk7542/223886/b6251fx/flask-223886/tests/test_converters.py (ext=.py, size=1093)
2025-11-24 19:01:17,149 - Knowledge - INFO - Fast-tracked /Users/veera/Documents/kavia-backend/graphnode-backend-api/data/rdk7542/223886/b6251fx/flask-223886/tests/test_appctx.py (ext=.py, size=5090)
2025-11-24 19:01:17,149 - Knowledge - INFO - Worker kw4 processing /Users/veera/Documents/kavia-backend/graphnode-backend-api/data/rdk7542/223886/b6251fx/flask-223886/tests/templates/template_filter.html
2025-11-24 19:01:17,149 - Knowledge - INFO - Worker kw6 processing /Users/veera/Documents/kavia-backend/graphnode-backend-api/data/rdk7542/223886/b6251fx/flask-223886/docs/tutorial/views.rst
2025-11-24 19:01:17,149 - Knowledge - INFO - Batch sizing: calculated=12, max_allowed=25, queue=135, active_workers=6/8
2025-11-24 19:01:17,149 - Knowledge - INFO - Worker kw3 processing /Users/veera/Documents/kavia-backend/graphnode-backend-api/data/rdk7542/223886/b6251fx/flask-223886/tests/static/index.html
2025-11-24 19:01:17,149 - Knowledge - INFO - [kw8] Queue=123, InProgress=0, PendingWorkers=6/8, Completed=0/201 (0.0%)
2025-11-24 19:01:17,149 - Knowledge - INFO - knowledge worker kw9 start
2025-11-24 19:01:17,149 - Knowledge - INFO - Worker kw2 processing /Users/veera/Documents/kavia-backend/graphnode-backend-api/data/rdk7542/223886/b6251fx/flask-223886/tests/test_apps/helloworld/wsgi.py
2025-11-24 19:01:17,150 - Knowledge - INFO - Worker kw10 created using shared MongoDB connection pool
2025-11-24 19:01:17,150 - Knowledge - INFO - Worker kw1 processing /Users/veera/Documents/kavia-backend/graphnode-backend-api/data/rdk7542/223886/b6251fx/flask-223886/tests/test_logging.py
2025-11-24 19:01:17,150 - Knowledge - INFO - Worker kw5 processing /Users/veera/Documents/kavia-backend/graphnode-backend-api/data/rdk7542/223886/b6251fx/flask-223886/tests/test_regression.py
2025-11-24 19:01:17,150 - Knowledge - INFO - Fast-tracked /Users/veera/Documents/kavia-backend/graphnode-backend-api/data/rdk7542/223886/b6251fx/flask-223886/tests/templates/template_filter.html (ext=.html, size=26)
2025-11-24 19:01:17,150 - Knowledge - INFO - Worker kw6 processing /Users/veera/Documents/kavia-backend/graphnode-backend-api/data/rdk7542/223886/b6251fx/flask-223886/docs/tutorial/deploy.rst
2025-11-24 19:01:17,150 - Knowledge - INFO - Worker kw7 processing /Users/veera/Documents/kavia-backend/graphnode-backend-api/data/rdk7542/223886/b6251fx/flask-223886/docs/patterns/fileuploads.rst
2025-11-24 19:01:17,150 - Knowledge - INFO - Fast-tracked /Users/veera/Documents/kavia-backend/graphnode-backend-api/data/rdk7542/223886/b6251fx/flask-223886/tests/static/index.html (ext=.html, size=22)
2025-11-24 19:01:17,150 - Knowledge - INFO - Batch sizing: calculated=12, max_allowed=25, queue=123, active_workers=7/9
2025-11-24 19:01:17,150 - Knowledge - INFO - [kw9] Queue=111, InProgress=0, PendingWorkers=7/9, Completed=0/201 (0.0%)
2025-11-24 19:01:17,150 - Knowledge - INFO - Fast-tracked /Users/veera/Documents/kavia-backend/graphnode-backend-api/data/rdk7542/223886/b6251fx/flask-223886/tests/test_apps/helloworld/wsgi.py (ext=.py, size=36)
2025-11-24 19:01:17,150 - Knowledge - INFO - knowledge worker kw10 start
2025-11-24 19:01:17,150 - Knowledge - INFO - Worker kw11 created using shared MongoDB connection pool
2025-11-24 19:01:17,150 - Knowledge - INFO - Fast-tracked /Users/veera/Documents/kavia-backend/graphnode-backend-api/data/rdk7542/223886/b6251fx/flask-223886/tests/test_logging.py (ext=.py, size=2529)
2025-11-24 19:01:17,150 - Knowledge - INFO - Worker kw4 processing /Users/veera/Documents/kavia-backend/graphnode-backend-api/data/rdk7542/223886/b6251fx/flask-223886/tests/templates/mail.txt
2025-11-24 19:01:17,150 - Knowledge - INFO - Fast-tracked /Users/veera/Documents/kavia-backend/graphnode-backend-api/data/rdk7542/223886/b6251fx/flask-223886/tests/test_regression.py (ext=.py, size=712)
2025-11-24 19:01:17,151 - Knowledge - INFO - Worker kw6 processing /Users/veera/Documents/kavia-backend/graphnode-backend-api/data/rdk7542/223886/b6251fx/flask-223886/docs/tutorial/database.rst
2025-11-24 19:01:17,151 - Knowledge - INFO - Worker kw7 processing /Users/veera/Documents/kavia-backend/graphnode-backend-api/data/rdk7542/223886/b6251fx/flask-223886/docs/patterns/wtforms.rst
2025-11-24 19:01:17,151 - Knowledge - INFO - Worker kw3 processing /Users/veera/Documents/kavia-backend/graphnode-backend-api/data/rdk7542/223886/b6251fx/flask-223886/tests/static/config.json
2025-11-24 19:01:17,151 - Knowledge - INFO - Batch sizing: calculated=12, max_allowed=25, queue=111, active_workers=8/10
2025-11-24 19:01:17,151 - Knowledge - INFO - Worker kw8 processing /Users/veera/Documents/kavia-backend/graphnode-backend-api/data/rdk7542/223886/b6251fx/flask-223886/docs/patterns/packages.rst
2025-11-24 19:01:17,151 - Knowledge - INFO - Worker kw2 processing /Users/veera/Documents/kavia-backend/graphnode-backend-api/data/rdk7542/223886/b6251fx/flask-223886/tests/test_apps/subdomaintestmodule/__init__.py
2025-11-24 19:01:17,151 - Knowledge - INFO - knowledge worker kw11 start
2025-11-24 19:01:17,151 - Knowledge - INFO - [kw10] Queue=99, InProgress=0, PendingWorkers=8/10, Completed=0/201 (0.0%)
2025-11-24 19:01:17,151 - Knowledge - INFO - Worker kw12 created using shared MongoDB connection pool
2025-11-24 19:01:17,151 - Knowledge - INFO - Worker kw1 processing /Users/veera/Documents/kavia-backend/graphnode-backend-api/data/rdk7542/223886/b6251fx/flask-223886/tests/test_signals.py
2025-11-24 19:01:17,151 - Knowledge - INFO - Worker kw5 processing /Users/veera/Documents/kavia-backend/graphnode-backend-api/data/rdk7542/223886/b6251fx/flask-223886/tests/test_testing.py
2025-11-24 19:01:17,151 - Knowledge - INFO - Fast-tracked /Users/veera/Documents/kavia-backend/graphnode-backend-api/data/rdk7542/223886/b6251fx/flask-223886/tests/templates/mail.txt (ext=.txt, size=14)
2025-11-24 19:01:17,151 - Knowledge - INFO - Worker kw6 processing /Users/veera/Documents/kavia-backend/graphnode-backend-api/data/rdk7542/223886/b6251fx/flask-223886/docs/tutorial/blog.rst
2025-11-24 19:01:17,151 - Knowledge - INFO - Worker kw7 processing /Users/veera/Documents/kavia-backend/graphnode-backend-api/data/rdk7542/223886/b6251fx/flask-223886/docs/patterns/javascript.rst
2025-11-24 19:01:17,152 - Knowledge - INFO - Fast-tracked /Users/veera/Documents/kavia-backend/graphnode-backend-api/data/rdk7542/223886/b6251fx/flask-223886/tests/static/config.json (ext=.json, size=54)
2025-11-24 19:01:17,152 - Knowledge - INFO - Worker kw9 processing /Users/veera/Documents/kavia-backend/graphnode-backend-api/data/rdk7542/223886/b6251fx/flask-223886/docs/testing.rst
2025-11-24 19:01:17,152 - Knowledge - INFO - Worker kw8 processing /Users/veera/Documents/kavia-backend/graphnode-backend-api/data/rdk7542/223886/b6251fx/flask-223886/docs/patterns/favicon.rst
2025-11-24 19:01:17,152 - Knowledge - INFO - Fast-tracked /Users/veera/Documents/kavia-backend/graphnode-backend-api/data/rdk7542/223886/b6251fx/flask-223886/tests/test_apps/subdomaintestmodule/__init__.py (ext=.py, size=73)
2025-11-24 19:01:17,152 - Knowledge - INFO - [kw11] Queue=87, InProgress=0, PendingWorkers=9/11, Completed=0/201 (0.0%)
2025-11-24 19:01:17,152 - Knowledge - INFO - Batch sizing: calculated=10, max_allowed=25, queue=99, active_workers=9/11
2025-11-24 19:01:17,152 - Knowledge - INFO - knowledge worker kw12 start
2025-11-24 19:01:17,152 - Knowledge - INFO - Worker kw13 created using shared MongoDB connection pool
2025-11-24 19:01:17,152 - Knowledge - INFO - Fast-tracked /Users/veera/Documents/kavia-backend/graphnode-backend-api/data/rdk7542/223886/b6251fx/flask-223886/tests/test_signals.py (ext=.py, size=4864)
2025-11-24 19:01:17,152 - Knowledge - INFO - Fast-tracked /Users/veera/Documents/kavia-backend/graphnode-backend-api/data/rdk7542/223886/b6251fx/flask-223886/tests/test_testing.py (ext=.py, size=10259)
2025-11-24 19:01:17,152 - Knowledge - INFO - Worker kw4 processing /Users/veera/Documents/kavia-backend/graphnode-backend-api/data/rdk7542/223886/b6251fx/flask-223886/tests/templates/template_test.html
2025-11-24 19:01:17,152 - Knowledge - INFO - Worker kw6 processing /Users/veera/Documents/kavia-backend/graphnode-backend-api/data/rdk7542/223886/b6251fx/flask-223886/docs/tutorial/layout.rst
2025-11-24 19:01:17,152 - Knowledge - INFO - Worker kw3 processing /Users/veera/Documents/kavia-backend/graphnode-backend-api/data/rdk7542/223886/b6251fx/flask-223886/tests/static/config.toml
2025-11-24 19:01:17,152 - Knowledge - INFO - Worker kw7 processing /Users/veera/Documents/kavia-backend/graphnode-backend-api/data/rdk7542/223886/b6251fx/flask-223886/docs/patterns/streaming.rst
2025-11-24 19:01:17,153 - Knowledge - INFO - Worker kw9 processing /Users/veera/Documents/kavia-backend/graphnode-backend-api/data/rdk7542/223886/b6251fx/flask-223886/docs/errorhandling.rst
2025-11-24 19:01:17,153 - Knowledge - INFO - Worker kw8 processing /Users/veera/Documents/kavia-backend/graphnode-backend-api/data/rdk7542/223886/b6251fx/flask-223886/docs/patterns/viewdecorators.rst
2025-11-24 19:01:17,153 - Knowledge - INFO - Worker kw2 processing /Users/veera/Documents/kavia-backend/graphnode-backend-api/data/rdk7542/223886/b6251fx/flask-223886/tests/test_apps/subdomaintestmodule/static/hello.txt
2025-11-24 19:01:17,153 - Knowledge - INFO - Batch sizing: calculated=10, max_allowed=25, queue=87, active_workers=9/12
2025-11-24 19:01:17,153 - Knowledge - INFO - Worker kw10 processing /Users/veera/Documents/kavia-backend/graphnode-backend-api/data/rdk7542/223886/b6251fx/flask-223886/docs/license.rst
2025-11-24 19:01:17,153 - Knowledge - INFO - knowledge worker kw13 start
2025-11-24 19:01:17,153 - Knowledge - INFO - [kw12] Queue=77, InProgress=0, PendingWorkers=10/12, Completed=0/201 (0.0%)
2025-11-24 19:01:17,153 - Knowledge - INFO - Worker kw14 created using shared MongoDB connection pool
2025-11-24 19:01:17,153 - Knowledge - INFO - Worker kw1 processing /Users/veera/Documents/kavia-backend/graphnode-backend-api/data/rdk7542/223886/b6251fx/flask-223886/tests/test_request.py
2025-11-24 19:01:17,153 - Knowledge - INFO - Worker kw5 processing /Users/veera/Documents/kavia-backend/graphnode-backend-api/data/rdk7542/223886/b6251fx/flask-223886/docs/server.rst
2025-11-24 19:01:17,153 - Knowledge - INFO - Fast-tracked /Users/veera/Documents/kavia-backend/graphnode-backend-api/data/rdk7542/223886/b6251fx/flask-223886/tests/templates/template_test.html (ext=.html, size=51)
2025-11-24 19:01:17,153 - Knowledge - INFO - Worker kw6 processing /Users/veera/Documents/kavia-backend/graphnode-backend-api/data/rdk7542/223886/b6251fx/flask-223886/docs/tutorial/next.rst
2025-11-24 19:01:17,153 - Knowledge - INFO - Fast-tracked /Users/veera/Documents/kavia-backend/graphnode-backend-api/data/rdk7542/223886/b6251fx/flask-223886/tests/static/config.toml (ext=.toml, size=35)
2025-11-24 19:01:17,153 - Knowledge - INFO - Worker kw7 processing /Users/veera/Documents/kavia-backend/graphnode-backend-api/data/rdk7542/223886/b6251fx/flask-223886/docs/patterns/lazyloading.rst
2025-11-24 19:01:17,153 - Knowledge - INFO - Worker kw9 processing /Users/veera/Documents/kavia-backend/graphnode-backend-api/data/rdk7542/223886/b6251fx/flask-223886/docs/cli.rst
2025-11-24 19:01:17,154 - Knowledge - INFO - Worker kw8 processing /Users/veera/Documents/kavia-backend/graphnode-backend-api/data/rdk7542/223886/b6251fx/flask-223886/docs/patterns/appdispatch.rst
2025-11-24 19:01:17,154 - Knowledge - INFO - Fast-tracked /Users/veera/Documents/kavia-backend/graphnode-backend-api/data/rdk7542/223886/b6251fx/flask-223886/tests/test_apps/subdomaintestmodule/static/hello.txt (ext=.txt, size=16)
2025-11-24 19:01:17,154 - Knowledge - INFO - Worker kw11 processing /Users/veera/Documents/kavia-backend/graphnode-backend-api/data/rdk7542/223886/b6251fx/flask-223886/docs/deploying/gunicorn.rst
2025-11-24 19:01:17,154 - Knowledge - INFO - Fast-tracked /Users/veera/Documents/kavia-backend/graphnode-backend-api/data/rdk7542/223886/b6251fx/flask-223886/docs/license.rst (ext=.rst, size=98)
2025-11-24 19:01:17,154 - Knowledge - INFO - Batch sizing: calculated=10, max_allowed=25, queue=77, active_workers=11/13
2025-11-24 19:01:17,154 - Knowledge - INFO - [kw13] Queue=67, InProgress=0, PendingWorkers=11/13, Completed=0/201 (0.0%)
2025-11-24 19:01:17,154 - Knowledge - INFO - knowledge worker kw14 start
2025-11-24 19:01:17,154 - Knowledge - INFO - Worker kw15 created using shared MongoDB connection pool
2025-11-24 19:01:17,154 - Knowledge - INFO - Fast-tracked /Users/veera/Documents/kavia-backend/graphnode-backend-api/data/rdk7542/223886/b6251fx/flask-223886/tests/test_request.py (ext=.py, size=1902)
2025-11-24 19:01:17,154 - Knowledge - INFO - Worker kw4 processing /Users/veera/Documents/kavia-backend/graphnode-backend-api/data/rdk7542/223886/b6251fx/flask-223886/tests/templates/context_template.html
2025-11-24 19:01:17,154 - Knowledge - INFO - Worker kw5 processing /Users/veera/Documents/kavia-backend/graphnode-backend-api/data/rdk7542/223886/b6251fx/flask-223886/docs/index.rst
2025-11-24 19:01:17,154 - Knowledge - INFO - Worker kw3 processing /Users/veera/Documents/kavia-backend/graphnode-backend-api/data/rdk7542/223886/b6251fx/flask-223886/tests/type_check/typing_route.py
2025-11-24 19:01:17,154 - Knowledge - INFO - Fast-tracked /Users/veera/Documents/kavia-backend/graphnode-backend-api/data/rdk7542/223886/b6251fx/flask-223886/docs/tutorial/next.rst (ext=.rst, size=1631)
2025-11-24 19:01:17,154 - Knowledge - INFO - Worker kw7 processing /Users/veera/Documents/kavia-backend/graphnode-backend-api/data/rdk7542/223886/b6251fx/flask-223886/docs/patterns/jquery.rst
2025-11-24 19:01:17,155 - Knowledge - INFO - Worker kw8 processing /Users/veera/Documents/kavia-backend/graphnode-backend-api/data/rdk7542/223886/b6251fx/flask-223886/docs/patterns/deferredcallbacks.rst
2025-11-24 19:01:17,155 - Knowledge - INFO - Worker kw9 processing /Users/veera/Documents/kavia-backend/graphnode-backend-api/data/rdk7542/223886/b6251fx/flask-223886/docs/conf.py
2025-11-24 19:01:17,155 - Knowledge - INFO - Worker kw2 processing /Users/veera/Documents/kavia-backend/graphnode-backend-api/data/rdk7542/223886/b6251fx/flask-223886/tests/test_apps/cliapp/inner1/__init__.py
2025-11-24 19:01:17,155 - Knowledge - INFO - Worker kw10 processing /Users/veera/Documents/kavia-backend/graphnode-backend-api/data/rdk7542/223886/b6251fx/flask-223886/docs/logging.rst
2025-11-24 19:01:17,155 - Knowledge - INFO - Batch sizing: calculated=10, max_allowed=25, queue=67, active_workers=12/14
2025-11-24 19:01:17,155 - Knowledge - INFO - Worker kw11 processing /Users/veera/Documents/kavia-backend/graphnode-backend-api/data/rdk7542/223886/b6251fx/flask-223886/docs/deploying/waitress.rst
2025-11-24 19:01:17,155 - Knowledge - INFO - Worker kw12 processing /Users/veera/Documents/kavia-backend/graphnode-backend-api/data/rdk7542/223886/b6251fx/flask-223886/examples/tutorial/pyproject.toml
2025-11-24 19:01:17,155 - Knowledge - INFO - [kw14] Queue=57, InProgress=0, PendingWorkers=12/14, Completed=0/201 (0.0%)
2025-11-24 19:01:17,155 - Knowledge - INFO - knowledge worker kw15 start
2025-11-24 19:01:17,155 - Knowledge - INFO - Worker kw1 processing /Users/veera/Documents/kavia-backend/graphnode-backend-api/data/rdk7542/223886/b6251fx/flask-223886/tests/test_async.py
2025-11-24 19:01:17,155 - Knowledge - INFO - Worker kw16 created using shared MongoDB connection pool
2025-11-24 19:01:17,155 - Knowledge - INFO - Fast-tracked /Users/veera/Documents/kavia-backend/graphnode-backend-api/data/rdk7542/223886/b6251fx/flask-223886/tests/templates/context_template.html (ext=.html, size=36)
2025-11-24 19:01:17,155 - Knowledge - INFO - Worker kw5 processing /Users/veera/Documents/kavia-backend/graphnode-backend-api/data/rdk7542/223886/b6251fx/flask-223886/docs/blueprints.rst
2025-11-24 19:01:17,155 - Knowledge - INFO - Worker kw6 processing /Users/veera/Documents/kavia-backend/graphnode-backend-api/data/rdk7542/223886/b6251fx/flask-223886/docs/shell.rst
2025-11-24 19:01:17,155 - Knowledge - INFO - Fast-tracked /Users/veera/Documents/kavia-backend/graphnode-backend-api/data/rdk7542/223886/b6251fx/flask-223886/tests/type_check/typing_route.py (ext=.py, size=2532)
2025-11-24 19:01:17,156 - Knowledge - INFO - Fast-tracked /Users/veera/Documents/kavia-backend/graphnode-backend-api/data/rdk7542/223886/b6251fx/flask-223886/docs/patterns/deferredcallbacks.rst (ext=.rst, size=1848)
2025-11-24 19:01:17,156 - Knowledge - INFO - Fast-tracked /Users/veera/Documents/kavia-backend/graphnode-backend-api/data/rdk7542/223886/b6251fx/flask-223886/docs/patterns/jquery.rst (ext=.rst, size=96)
2025-11-24 19:01:17,156 - Knowledge - INFO - Worker kw9 processing /Users/veera/Documents/kavia-backend/graphnode-backend-api/data/rdk7542/223886/b6251fx/flask-223886/docs/config.rst
2025-11-24 19:01:17,156 - Knowledge - INFO - Worker kw10 processing /Users/veera/Documents/kavia-backend/graphnode-backend-api/data/rdk7542/223886/b6251fx/flask-223886/docs/web-security.rst
2025-11-24 19:01:17,156 - Knowledge - INFO - Fast-tracked /Users/veera/Documents/kavia-backend/graphnode-backend-api/data/rdk7542/223886/b6251fx/flask-223886/tests/test_apps/cliapp/inner1/__init__.py (ext=.py, size=55)
2025-11-24 19:01:17,156 - Knowledge - INFO - Worker kw11 processing /Users/veera/Documents/kavia-backend/graphnode-backend-api/data/rdk7542/223886/b6251fx/flask-223886/docs/deploying/nginx.rst
2025-11-24 19:01:17,156 - Knowledge - INFO - Batch sizing: calculated=10, max_allowed=25, queue=57, active_workers=13/15
2025-11-24 19:01:17,156 - Knowledge - INFO - Fast-tracked /Users/veera/Documents/kavia-backend/graphnode-backend-api/data/rdk7542/223886/b6251fx/flask-223886/examples/tutorial/pyproject.toml (ext=.toml, size=771)
2025-11-24 19:01:17,156 - Knowledge - INFO - Worker kw13 processing /Users/veera/Documents/kavia-backend/graphnode-backend-api/data/rdk7542/223886/b6251fx/flask-223886/examples/tutorial/flaskr/__init__.py
2025-11-24 19:01:17,156 - Knowledge - INFO - Fast-tracked /Users/veera/Documents/kavia-backend/graphnode-backend-api/data/rdk7542/223886/b6251fx/flask-223886/tests/test_async.py (ext=.py, size=3335)
2025-11-24 19:01:17,156 - Knowledge - INFO - [kw15] Queue=47, InProgress=0, PendingWorkers=13/15, Completed=0/201 (0.0%)
2025-11-24 19:01:17,156 - Knowledge - INFO - Worker kw4 processing /Users/veera/Documents/kavia-backend/graphnode-backend-api/data/rdk7542/223886/b6251fx/flask-223886/tests/templates/non_escaping_template.txt
2025-11-24 19:01:17,156 - Knowledge - INFO - knowledge worker kw16 start
2025-11-24 19:01:17,156 - Knowledge - INFO - Worker kw17 created using shared MongoDB connection pool
2025-11-24 19:01:17,157 - Knowledge - INFO - Worker kw6 processing /Users/veera/Documents/kavia-backend/graphnode-backend-api/data/rdk7542/223886/b6251fx/flask-223886/docs/templating.rst
2025-11-24 19:01:17,157 - Knowledge - INFO - Worker kw5 processing /Users/veera/Documents/kavia-backend/graphnode-backend-api/data/rdk7542/223886/b6251fx/flask-223886/docs/tutorial/install.rst
2025-11-24 19:01:17,157 - Knowledge - INFO - Worker kw3 processing /Users/veera/Documents/kavia-backend/graphnode-backend-api/data/rdk7542/223886/b6251fx/flask-223886/tests/type_check/typing_app_decorators.py
2025-11-24 19:01:17,157 - Knowledge - INFO - Worker kw8 processing /Users/veera/Documents/kavia-backend/graphnode-backend-api/data/rdk7542/223886/b6251fx/flask-223886/docs/patterns/requestchecksum.rst
2025-11-24 19:01:17,157 - Knowledge - INFO - Worker kw7 processing /Users/veera/Documents/kavia-backend/graphnode-backend-api/data/rdk7542/223886/b6251fx/flask-223886/docs/patterns/celery.rst
2025-11-24 19:01:17,157 - Knowledge - INFO - Worker kw9 processing /Users/veera/Documents/kavia-backend/graphnode-backend-api/data/rdk7542/223886/b6251fx/flask-223886/docs/reqcontext.rst
2025-11-24 19:01:17,157 - Knowledge - INFO - Worker kw2 processing /Users/veera/Documents/kavia-backend/graphnode-backend-api/data/rdk7542/223886/b6251fx/flask-223886/tests/test_apps/cliapp/inner1/inner2/flask.py
2025-11-24 19:01:17,157 - Knowledge - INFO - Worker kw10 processing /Users/veera/Documents/kavia-backend/graphnode-backend-api/data/rdk7542/223886/b6251fx/flask-223886/docs/deploying/index.rst
2025-11-24 19:01:17,157 - Knowledge - INFO - Worker kw11 processing /Users/veera/Documents/kavia-backend/graphnode-backend-api/data/rdk7542/223886/b6251fx/flask-223886/docs/deploying/gevent.rst
2025-11-24 19:01:17,157 - Knowledge - INFO - Worker kw12 processing /Users/veera/Documents/kavia-backend/graphnode-backend-api/data/rdk7542/223886/b6251fx/flask-223886/examples/tutorial/tests/conftest.py
2025-11-24 19:01:17,157 - Knowledge - INFO - Worker kw14 processing /Users/veera/Documents/kavia-backend/graphnode-backend-api/data/rdk7542/223886/b6251fx/flask-223886/examples/tutorial/LICENSE.txt
2025-11-24 19:01:17,157 - Knowledge - INFO - Fast-tracked /Users/veera/Documents/kavia-backend/graphnode-backend-api/data/rdk7542/223886/b6251fx/flask-223886/examples/tutorial/flaskr/__init__.py (ext=.py, size=1437)
2025-11-24 19:01:17,157 - Knowledge - INFO - Worker kw1 processing /Users/veera/Documents/kavia-backend/graphnode-backend-api/data/rdk7542/223886/b6251fx/flask-223886/tests/test_session_interface.py
2025-11-24 19:01:17,157 - Knowledge - INFO - Batch sizing: calculated=10, max_allowed=25, queue=47, active_workers=14/16
2025-11-24 19:01:17,158 - Knowledge - INFO - [kw16] Queue=37, InProgress=0, PendingWorkers=14/16, Completed=0/201 (0.0%)
2025-11-24 19:01:17,158 - Knowledge - INFO - knowledge worker kw17 start
2025-11-24 19:01:17,158 - Knowledge - INFO - Worker kw18 created using shared MongoDB connection pool
2025-11-24 19:01:17,159 - Knowledge - INFO - Worker kw6 processing /Users/veera/Documents/kavia-backend/graphnode-backend-api/data/rdk7542/223886/b6251fx/flask-223886/docs/design.rst
2025-11-24 19:01:17,159 - Knowledge - INFO - Fast-tracked /Users/veera/Documents/kavia-backend/graphnode-backend-api/data/rdk7542/223886/b6251fx/flask-223886/tests/templates/non_escaping_template.txt (ext=.txt, size=169)
2025-11-24 19:01:17,159 - Knowledge - INFO - Worker kw5 processing /Users/veera/Documents/kavia-backend/graphnode-backend-api/data/rdk7542/223886/b6251fx/flask-223886/docs/tutorial/templates.rst
2025-11-24 19:01:17,159 - Knowledge - INFO - Fast-tracked /Users/veera/Documents/kavia-backend/graphnode-backend-api/data/rdk7542/223886/b6251fx/flask-223886/tests/type_check/typing_app_decorators.py (ext=.py, size=589)
2025-11-24 19:01:17,159 - Knowledge - INFO - Fast-tracked /Users/veera/Documents/kavia-backend/graphnode-backend-api/data/rdk7542/223886/b6251fx/flask-223886/docs/patterns/requestchecksum.rst (ext=.rst, size=1861)
2025-11-24 19:01:17,159 - Knowledge - INFO - Worker kw7 processing /Users/veera/Documents/kavia-backend/graphnode-backend-api/data/rdk7542/223886/b6251fx/flask-223886/docs/patterns/sqlite3.rst
2025-11-24 19:01:17,159 - Knowledge - INFO - Fast-tracked /Users/veera/Documents/kavia-backend/graphnode-backend-api/data/rdk7542/223886/b6251fx/flask-223886/docs/reqcontext.rst (ext=.rst, size=93)
2025-11-24 19:01:17,159 - Knowledge - INFO - Worker kw10 processing /Users/veera/Documents/kavia-backend/graphnode-backend-api/data/rdk7542/223886/b6251fx/flask-223886/docs/deploying/eventlet.rst
2025-11-24 19:01:17,159 - Knowledge - INFO - Fast-tracked /Users/veera/Documents/kavia-backend/graphnode-backend-api/data/rdk7542/223886/b6251fx/flask-223886/tests/test_apps/cliapp/inner1/inner2/flask.py (ext=.py, size=47)
2025-11-24 19:01:17,159 - Knowledge - INFO - Fast-tracked /Users/veera/Documents/kavia-backend/graphnode-backend-api/data/rdk7542/223886/b6251fx/flask-223886/examples/tutorial/tests/conftest.py (ext=.py, size=1454)
2025-11-24 19:01:17,159 - Knowledge - INFO - Worker kw11 processing /Users/veera/Documents/kavia-backend/graphnode-backend-api/data/rdk7542/223886/b6251fx/flask-223886/docs/extensions.rst
2025-11-24 19:01:17,159 - Knowledge - INFO - Fast-tracked /Users/veera/Documents/kavia-backend/graphnode-backend-api/data/rdk7542/223886/b6251fx/flask-223886/examples/tutorial/LICENSE.txt (ext=.txt, size=1475)
2025-11-24 19:01:17,159 - Knowledge - INFO - Worker kw13 processing /Users/veera/Documents/kavia-backend/graphnode-backend-api/data/rdk7542/223886/b6251fx/flask-223886/examples/tutorial/flaskr/static/style.css
2025-11-24 19:01:17,159 - Knowledge - INFO - Batch sizing: calculated=10, max_allowed=25, queue=37, active_workers=15/17
2025-11-24 19:01:17,159 - Knowledge - INFO - Fast-tracked /Users/veera/Documents/kavia-backend/graphnode-backend-api/data/rdk7542/223886/b6251fx/flask-223886/tests/test_session_interface.py (ext=.py, size=784)
2025-11-24 19:01:17,160 - Knowledge - INFO - [kw17] Queue=27, InProgress=0, PendingWorkers=15/17, Completed=0/201 (0.0%)
2025-11-24 19:01:17,160 - Knowledge - INFO - Worker kw15 processing /Users/veera/Documents/kavia-backend/graphnode-backend-api/data/rdk7542/223886/b6251fx/flask-223886/examples/javascript/js_example/templates/base.html
2025-11-24 19:01:17,160 - Knowledge - INFO - knowledge worker kw18 start
2025-11-24 19:01:17,160 - Knowledge - INFO - Worker kw19 created using shared MongoDB connection pool
2025-11-24 19:01:17,160 - Knowledge - INFO - Worker kw6 processing /Users/veera/Documents/kavia-backend/graphnode-backend-api/data/rdk7542/223886/b6251fx/flask-223886/docs/patterns/index.rst
2025-11-24 19:01:17,160 - Knowledge - INFO - Worker kw4 processing /Users/veera/Documents/kavia-backend/graphnode-backend-api/data/rdk7542/223886/b6251fx/flask-223886/tests/templates/_macro.html
2025-11-24 19:01:17,160 - Knowledge - INFO - Worker kw5 processing /Users/veera/Documents/kavia-backend/graphnode-backend-api/data/rdk7542/223886/b6251fx/flask-223886/docs/tutorial/index.rst
2025-11-24 19:01:17,160 - Knowledge - INFO - Worker kw3 processing /Users/veera/Documents/kavia-backend/graphnode-backend-api/data/rdk7542/223886/b6251fx/flask-223886/tests/type_check/typing_error_handler.py
2025-11-24 19:01:17,160 - Knowledge - INFO - Worker kw8 processing /Users/veera/Documents/kavia-backend/graphnode-backend-api/data/rdk7542/223886/b6251fx/flask-223886/docs/patterns/subclassing.rst
2025-11-24 19:01:17,160 - Knowledge - INFO - Worker kw7 processing /Users/veera/Documents/kavia-backend/graphnode-backend-api/data/rdk7542/223886/b6251fx/flask-223886/docs/patterns/methodoverrides.rst
2025-11-24 19:01:17,160 - Knowledge - INFO - Worker kw9 processing /Users/veera/Documents/kavia-backend/graphnode-backend-api/data/rdk7542/223886/b6251fx/flask-223886/docs/views.rst
2025-11-24 19:01:17,160 - Knowledge - INFO - Worker kw2 processing /Users/veera/Documents/kavia-backend/graphnode-backend-api/data/rdk7542/223886/b6251fx/flask-223886/tests/test_apps/cliapp/importerrorapp.py
2025-11-24 19:01:17,160 - Knowledge - INFO - Worker kw10 processing /Users/veera/Documents/kavia-backend/graphnode-backend-api/data/rdk7542/223886/b6251fx/flask-223886/docs/deploying/proxy_fix.rst
2025-11-24 19:01:17,160 - Knowledge - INFO - Worker kw12 processing /Users/veera/Documents/kavia-backend/graphnode-backend-api/data/rdk7542/223886/b6251fx/flask-223886/examples/tutorial/tests/data.sql
2025-11-24 19:01:17,161 - Knowledge - INFO - Worker kw14 processing /Users/veera/Documents/kavia-backend/graphnode-backend-api/data/rdk7542/223886/b6251fx/flask-223886/examples/celery/requirements.txt
2025-11-24 19:01:17,161 - Knowledge - INFO - Fast-tracked /Users/veera/Documents/kavia-backend/graphnode-backend-api/data/rdk7542/223886/b6251fx/flask-223886/docs/extensions.rst (ext=.rst, size=1372)
2025-11-24 19:01:17,161 - Knowledge - INFO - Fast-tracked /Users/veera/Documents/kavia-backend/graphnode-backend-api/data/rdk7542/223886/b6251fx/flask-223886/examples/tutorial/flaskr/static/style.css (ext=.css, size=1696)
2025-11-24 19:01:17,161 - Knowledge - INFO - Worker kw1 processing /Users/veera/Documents/kavia-backend/graphnode-backend-api/data/rdk7542/223886/b6251fx/flask-223886/tests/test_instance_config.py
2025-11-24 19:01:17,161 - Knowledge - INFO - Worker kw16 processing /Users/veera/Documents/kavia-backend/graphnode-backend-api/data/rdk7542/223886/b6251fx/flask-223886/LICENSE.txt
2025-11-24 19:01:17,161 - Knowledge - INFO - Batch sizing: calculated=10, max_allowed=25, queue=27, active_workers=16/18
2025-11-24 19:01:17,161 - Knowledge - INFO - Fast-tracked /Users/veera/Documents/kavia-backend/graphnode-backend-api/data/rdk7542/223886/b6251fx/flask-223886/examples/javascript/js_example/templates/base.html (ext=.html, size=1178)
2025-11-24 19:01:17,161 - Knowledge - INFO - [kw18] Queue=17, InProgress=0, PendingWorkers=16/18, Completed=0/201 (0.0%)
2025-11-24 19:01:17,161 - Knowledge - INFO - knowledge worker kw19 start
2025-11-24 19:01:17,161 - Knowledge - INFO - Fast-tracked /Users/veera/Documents/kavia-backend/graphnode-backend-api/data/rdk7542/223886/b6251fx/flask-223886/docs/patterns/index.rst (ext=.rst, size=961)
2025-11-24 19:01:17,161 - Knowledge - INFO - Worker kw20 created using shared MongoDB connection pool
2025-11-24 19:01:17,161 - Knowledge - INFO - Worker kw5 processing /Users/veera/Documents/kavia-backend/graphnode-backend-api/data/rdk7542/223886/b6251fx/flask-223886/docs/tutorial/factory.rst
2025-11-24 19:01:17,161 - Knowledge - INFO - Fast-tracked /Users/veera/Documents/kavia-backend/graphnode-backend-api/data/rdk7542/223886/b6251fx/flask-223886/tests/templates/_macro.html (ext=.html, size=55)
2025-11-24 19:01:17,161 - Knowledge - INFO - Fast-tracked /Users/veera/Documents/kavia-backend/graphnode-backend-api/data/rdk7542/223886/b6251fx/flask-223886/tests/type_check/typing_error_handler.py (ext=.py, size=647)
2025-11-24 19:01:17,162 - Knowledge - INFO - Fast-tracked /Users/veera/Documents/kavia-backend/graphnode-backend-api/data/rdk7542/223886/b6251fx/flask-223886/docs/patterns/subclassing.rst (ext=.rst, size=676)
2025-11-24 19:01:17,162 - Knowledge - INFO - Fast-tracked /Users/veera/Documents/kavia-backend/graphnode-backend-api/data/rdk7542/223886/b6251fx/flask-223886/docs/patterns/methodoverrides.rst (ext=.rst, size=1456)
2025-11-24 19:01:17,162 - Knowledge - INFO - Worker kw9 processing /Users/veera/Documents/kavia-backend/graphnode-backend-api/data/rdk7542/223886/b6251fx/flask-223886/docs/debugging.rst
2025-11-24 19:01:17,162 - Knowledge - INFO - Fast-tracked /Users/veera/Documents/kavia-backend/graphnode-backend-api/data/rdk7542/223886/b6251fx/flask-223886/tests/test_apps/cliapp/importerrorapp.py (ext=.py, size=73)
2025-11-24 19:01:17,162 - Knowledge - INFO - Fast-tracked /Users/veera/Documents/kavia-backend/graphnode-backend-api/data/rdk7542/223886/b6251fx/flask-223886/docs/deploying/proxy_fix.rst (ext=.rst, size=1365)
2025-11-24 19:01:17,162 - Knowledge - INFO - Worker kw11 processing /Users/veera/Documents/kavia-backend/graphnode-backend-api/data/rdk7542/223886/b6251fx/flask-223886/docs/appcontext.rst
2025-11-24 19:01:17,162 - Knowledge - INFO - Fast-tracked /Users/veera/Documents/kavia-backend/graphnode-backend-api/data/rdk7542/223886/b6251fx/flask-223886/examples/tutorial/tests/data.sql (ext=.sql, size=394)
2025-11-24 19:01:17,162 - Knowledge - INFO - Fast-tracked /Users/veera/Documents/kavia-backend/graphnode-backend-api/data/rdk7542/223886/b6251fx/flask-223886/examples/celery/requirements.txt (ext=.txt, size=1073)
2025-11-24 19:01:17,162 - Knowledge - INFO - Worker kw13 processing /Users/veera/Documents/kavia-backend/graphnode-backend-api/data/rdk7542/223886/b6251fx/flask-223886/examples/tutorial/flaskr/templates/base.html
2025-11-24 19:01:17,162 - Knowledge - INFO - Fast-tracked /Users/veera/Documents/kavia-backend/graphnode-backend-api/data/rdk7542/223886/b6251fx/flask-223886/tests/test_instance_config.py (ext=.py, size=3317)
2025-11-24 19:01:17,162 - Knowledge - INFO - Fast-tracked /Users/veera/Documents/kavia-backend/graphnode-backend-api/data/rdk7542/223886/b6251fx/flask-223886/LICENSE.txt (ext=.txt, size=1475)
2025-11-24 19:01:17,162 - Knowledge - INFO - Worker kw15 processing /Users/veera/Documents/kavia-backend/graphnode-backend-api/data/rdk7542/223886/b6251fx/flask-223886/examples/javascript/js_example/templates/jquery.html
2025-11-24 19:01:17,162 - Knowledge - INFO - Batch sizing: calculated=10, max_allowed=25, queue=17, active_workers=17/19
2025-11-24 19:01:17,162 - Knowledge - INFO - [kw19] Queue=7, InProgress=0, PendingWorkers=17/19, Completed=0/201 (0.0%)
2025-11-24 19:01:17,162 - Knowledge - INFO - Worker kw17 processing /Users/veera/Documents/kavia-backend/graphnode-backend-api/data/rdk7542/223886/b6251fx/flask-223886/src/flask/templating.py
2025-11-24 19:01:17,163 - Knowledge - INFO - Worker kw6 processing /Users/veera/Documents/kavia-backend/graphnode-backend-api/data/rdk7542/223886/b6251fx/flask-223886/docs/patterns/mongoengine.rst
2025-11-24 19:01:17,163 - Knowledge - INFO - knowledge worker kw20 start
2025-11-24 19:01:17,163 - Knowledge - INFO - Worker kw4 processing /Users/veera/Documents/kavia-backend/graphnode-backend-api/data/rdk7542/223886/b6251fx/flask-223886/tests/templates/nested/nested.txt
2025-11-24 19:01:17,163 - Knowledge - INFO - Worker kw5 processing /Users/veera/Documents/kavia-backend/graphnode-backend-api/data/rdk7542/223886/b6251fx/flask-223886/docs/tutorial/static.rst
2025-11-24 19:01:17,163 - Knowledge - INFO - Worker kw3 processing /Users/veera/Documents/kavia-backend/graphnode-backend-api/data/rdk7542/223886/b6251fx/flask-223886/tests/test_blueprints.py
2025-11-24 19:01:17,163 - Knowledge - INFO - Worker kw8 processing /Users/veera/Documents/kavia-backend/graphnode-backend-api/data/rdk7542/223886/b6251fx/flask-223886/docs/patterns/caching.rst
2025-11-24 19:01:17,163 - Knowledge - INFO - Worker kw7 processing /Users/veera/Documents/kavia-backend/graphnode-backend-api/data/rdk7542/223886/b6251fx/flask-223886/docs/patterns/flashing.rst
2025-11-24 19:01:17,163 - Knowledge - INFO - Worker kw2 processing /Users/veera/Documents/kavia-backend/graphnode-backend-api/data/rdk7542/223886/b6251fx/flask-223886/tests/test_apps/cliapp/factory.py
2025-11-24 19:01:17,164 - Knowledge - INFO - Worker kw10 processing /Users/veera/Documents/kavia-backend/graphnode-backend-api/data/rdk7542/223886/b6251fx/flask-223886/docs/deploying/apache-httpd.rst
2025-11-24 19:01:17,164 - Knowledge - INFO - Worker kw9 processing /Users/veera/Documents/kavia-backend/graphnode-backend-api/data/rdk7542/223886/b6251fx/flask-223886/docs/extensiondev.rst
2025-11-24 19:01:17,164 - Knowledge - INFO - Worker kw12 processing /Users/veera/Documents/kavia-backend/graphnode-backend-api/data/rdk7542/223886/b6251fx/flask-223886/examples/tutorial/tests/test_auth.py
2025-11-24 19:01:17,164 - Knowledge - INFO - Worker kw14 processing /Users/veera/Documents/kavia-backend/graphnode-backend-api/data/rdk7542/223886/b6251fx/flask-223886/examples/celery/pyproject.toml
2025-11-24 19:01:17,164 - Knowledge - INFO - Worker kw11 processing /Users/veera/Documents/kavia-backend/graphnode-backend-api/data/rdk7542/223886/b6251fx/flask-223886/docs/changes.rst
2025-11-24 19:01:17,164 - Knowledge - INFO - Fast-tracked /Users/veera/Documents/kavia-backend/graphnode-backend-api/data/rdk7542/223886/b6251fx/flask-223886/examples/tutorial/flaskr/templates/base.html (ext=.html, size=752)
2025-11-24 19:01:17,164 - Knowledge - INFO - Worker kw1 processing /Users/veera/Documents/kavia-backend/graphnode-backend-api/data/rdk7542/223886/b6251fx/flask-223886/tests/test_apps/blueprintapp/__init__.py
2025-11-24 19:01:17,164 - Knowledge - INFO - Worker kw16 processing /Users/veera/Documents/kavia-backend/graphnode-backend-api/data/rdk7542/223886/b6251fx/flask-223886/CHANGES.rst
2025-11-24 19:01:17,164 - Knowledge - INFO - Fast-tracked /Users/veera/Documents/kavia-backend/graphnode-backend-api/data/rdk7542/223886/b6251fx/flask-223886/examples/javascript/js_example/templates/jquery.html (ext=.html, size=666)
2025-11-24 19:01:17,164 - Knowledge - INFO - Batch sizing: calculated=7, max_allowed=25, queue=7, active_workers=18/20
2025-11-24 19:01:17,164 - Knowledge - INFO - Worker kw18 processing /Users/veera/Documents/kavia-backend/graphnode-backend-api/data/rdk7542/223886/b6251fx/flask-223886/src/flask/debughelpers.py
2025-11-24 19:01:17,164 - Knowledge - INFO - Worker kw17 processing /Users/veera/Documents/kavia-backend/graphnode-backend-api/data/rdk7542/223886/b6251fx/flask-223886/src/flask/globals.py
2025-11-24 19:01:17,164 - Knowledge - INFO - Worker kw6 processing /Users/veera/Documents/kavia-backend/graphnode-backend-api/data/rdk7542/223886/b6251fx/flask-223886/docs/patterns/sqlalchemy.rst
2025-11-24 19:01:17,171 - Knowledge - INFO - Fast-tracked /Users/veera/Documents/kavia-backend/graphnode-backend-api/data/rdk7542/223886/b6251fx/flask-223886/tests/templates/nested/nested.txt (ext=.txt, size=11)
2025-11-24 19:01:17,195 - Knowledge - INFO - Worker kw5 processing /Users/veera/Documents/kavia-backend/graphnode-backend-api/data/rdk7542/223886/b6251fx/flask-223886/docs/tutorial/tests.rst
2025-11-24 19:01:17,220 - Knowledge - INFO - Fast-tracked /Users/veera/Documents/kavia-backend/graphnode-backend-api/data/rdk7542/223886/b6251fx/flask-223886/tests/test_blueprints.py (ext=.py, size=31909)
2025-11-24 19:01:17,220 - Knowledge - INFO - Fast-tracked /Users/veera/Documents/kavia-backend/graphnode-backend-api/data/rdk7542/223886/b6251fx/flask-223886/docs/patterns/caching.rst (ext=.rst, size=653)
2025-11-24 19:01:17,232 - Knowledge - INFO - Worker kw7 processing /Users/veera/Documents/kavia-backend/graphnode-backend-api/data/rdk7542/223886/b6251fx/flask-223886/docs/patterns/singlepageapplications.rst
2025-11-24 19:01:17,245 - Knowledge - INFO - Fast-tracked /Users/veera/Documents/kavia-backend/graphnode-backend-api/data/rdk7542/223886/b6251fx/flask-223886/tests/test_apps/cliapp/factory.py (ext=.py, size=169)
2025-11-24 19:01:17,271 - Knowledge - INFO - Worker kw10 processing /Users/veera/Documents/kavia-backend/graphnode-backend-api/data/rdk7542/223886/b6251fx/flask-223886/docs/deploying/asgi.rst
2025-11-24 19:01:17,271 - Knowledge - INFO - Worker kw9 processing /Users/veera/Documents/kavia-backend/graphnode-backend-api/data/rdk7542/223886/b6251fx/flask-223886/docs/quickstart.rst
2025-11-24 19:01:17,271 - Knowledge - INFO - Fast-tracked /Users/veera/Documents/kavia-backend/graphnode-backend-api/data/rdk7542/223886/b6251fx/flask-223886/examples/celery/pyproject.toml (ext=.toml, size=381)
2025-11-24 19:01:17,282 - Knowledge - INFO - Fast-tracked /Users/veera/Documents/kavia-backend/graphnode-backend-api/data/rdk7542/223886/b6251fx/flask-223886/examples/tutorial/tests/test_auth.py (ext=.py, size=2070)
2025-11-24 19:01:17,289 - Knowledge - INFO - Fast-tracked /Users/veera/Documents/kavia-backend/graphnode-backend-api/data/rdk7542/223886/b6251fx/flask-223886/docs/changes.rst (ext=.rst, size=45)
2025-11-24 19:01:17,301 - Knowledge - INFO - Worker kw13 processing /Users/veera/Documents/kavia-backend/graphnode-backend-api/data/rdk7542/223886/b6251fx/flask-223886/examples/tutorial/flaskr/templates/auth/register.html
2025-11-24 19:01:17,327 - Knowledge - INFO - Worker kw16 processing /Users/veera/Documents/kavia-backend/graphnode-backend-api/data/rdk7542/223886/b6251fx/flask-223886/src/flask/logging.py
2025-11-24 19:01:17,327 - Knowledge - INFO - Fast-tracked /Users/veera/Documents/kavia-backend/graphnode-backend-api/data/rdk7542/223886/b6251fx/flask-223886/tests/test_apps/blueprintapp/__init__.py (ext=.py, size=256)
2025-11-24 19:01:17,339 - Knowledge - INFO - Worker kw15 processing /Users/veera/Documents/kavia-backend/graphnode-backend-api/data/rdk7542/223886/b6251fx/flask-223886/examples/javascript/js_example/templates/fetch.html
2025-11-24 19:01:17,346 - Knowledge - INFO - Worker kw18 processing /Users/veera/Documents/kavia-backend/graphnode-backend-api/data/rdk7542/223886/b6251fx/flask-223886/src/flask/ctx.py
2025-11-24 19:01:17,357 - Knowledge - INFO - Worker kw4 processing /Users/veera/Documents/kavia-backend/graphnode-backend-api/data/rdk7542/223886/b6251fx/flask-223886/tests/test_helpers.py
2025-11-24 19:01:17,357 - Knowledge - INFO - Worker kw17 processing /Users/veera/Documents/kavia-backend/graphnode-backend-api/data/rdk7542/223886/b6251fx/flask-223886/src/flask/__init__.py
2025-11-24 19:01:17,370 - Knowledge - INFO - Worker kw3 processing /Users/veera/Documents/kavia-backend/graphnode-backend-api/data/rdk7542/223886/b6251fx/flask-223886/tests/test_config.py
2025-11-24 19:01:17,376 - Knowledge - INFO - Worker kw8 processing /Users/veera/Documents/kavia-backend/graphnode-backend-api/data/rdk7542/223886/b6251fx/flask-223886/docs/patterns/appfactories.rst
2025-11-24 19:01:17,382 - Knowledge - INFO - Fast-tracked /Users/veera/Documents/kavia-backend/graphnode-backend-api/data/rdk7542/223886/b6251fx/flask-223886/docs/patterns/singlepageapplications.rst (ext=.rst, size=731)
2025-11-24 19:01:17,391 - Knowledge - INFO - Worker kw2 processing /Users/veera/Documents/kavia-backend/graphnode-backend-api/data/rdk7542/223886/b6251fx/flask-223886/tests/test_apps/cliapp/message.txt
2025-11-24 19:01:17,405 - Knowledge - INFO - Worker kw14 processing /Users/veera/Documents/kavia-backend/graphnode-backend-api/data/rdk7542/223886/b6251fx/flask-223886/examples/celery/README.md
2025-11-24 19:01:17,406 - Knowledge - INFO - Worker kw12 processing /Users/veera/Documents/kavia-backend/graphnode-backend-api/data/rdk7542/223886/b6251fx/flask-223886/examples/tutorial/tests/test_db.py
2025-11-24 19:01:17,406 - Knowledge - INFO - Worker kw9 processing /Users/veera/Documents/kavia-backend/graphnode-backend-api/data/rdk7542/223886/b6251fx/flask-223886/docs/lifecycle.rst
2025-11-24 19:01:17,406 - Knowledge - INFO - Worker kw11 processing /Users/veera/Documents/kavia-backend/graphnode-backend-api/data/rdk7542/223886/b6251fx/flask-223886/docs/async-await.rst
2025-11-24 19:01:17,412 - Knowledge - INFO - Fast-tracked /Users/veera/Documents/kavia-backend/graphnode-backend-api/data/rdk7542/223886/b6251fx/flask-223886/docs/deploying/asgi.rst (ext=.rst, size=673)
2025-11-24 19:01:17,443 - Knowledge - INFO - Worker kw1 processing /Users/veera/Documents/kavia-backend/graphnode-backend-api/data/rdk7542/223886/b6251fx/flask-223886/tests/test_apps/blueprintapp/apps/frontend/__init__.py
2025-11-24 19:01:17,449 - Knowledge - INFO - Worker kw16 processing /Users/veera/Documents/kavia-backend/graphnode-backend-api/data/rdk7542/223886/b6251fx/flask-223886/src/flask/sansio/blueprints.py
2025-11-24 19:01:17,462 - Knowledge - INFO - Fast-tracked /Users/veera/Documents/kavia-backend/graphnode-backend-api/data/rdk7542/223886/b6251fx/flask-223886/examples/tutorial/flaskr/templates/auth/register.html (ext=.html, size=428)
2025-11-24 19:01:17,473 - Knowledge - INFO - Worker kw18 processing /Users/veera/Documents/kavia-backend/graphnode-backend-api/data/rdk7542/223886/b6251fx/flask-223886/src/flask/typing.py
2025-11-24 19:01:17,474 - Knowledge - INFO - Fast-tracked /Users/veera/Documents/kavia-backend/graphnode-backend-api/data/rdk7542/223886/b6251fx/flask-223886/examples/javascript/js_example/templates/fetch.html (ext=.html, size=852)
2025-11-24 19:01:17,480 - Knowledge - INFO - Worker kw17 processing /Users/veera/Documents/kavia-backend/graphnode-backend-api/data/rdk7542/223886/b6251fx/flask-223886/src/flask/blueprints.py
2025-11-24 19:01:17,480 - Knowledge - INFO - Fast-tracked /Users/veera/Documents/kavia-backend/graphnode-backend-api/data/rdk7542/223886/b6251fx/flask-223886/tests/test_helpers.py (ext=.py, size=11224)
2025-11-24 19:01:17,481 - Knowledge - INFO - Fast-tracked /Users/veera/Documents/kavia-backend/graphnode-backend-api/data/rdk7542/223886/b6251fx/flask-223886/tests/test_config.py (ext=.py, size=7748)
2025-11-24 19:01:17,495 - Knowledge - INFO - Worker kw7 processing /Users/veera/Documents/kavia-backend/graphnode-backend-api/data/rdk7542/223886/b6251fx/flask-223886/docs/patterns/urlprocessors.rst
2025-11-24 19:01:17,506 - Knowledge - INFO - Worker kw8 processing /Users/veera/Documents/kavia-backend/graphnode-backend-api/data/rdk7542/223886/b6251fx/flask-223886/docs/patterns/templateinheritance.rst
2025-11-24 19:01:17,524 - Knowledge - INFO - Fast-tracked /Users/veera/Documents/kavia-backend/graphnode-backend-api/data/rdk7542/223886/b6251fx/flask-223886/tests/test_apps/cliapp/message.txt (ext=.txt, size=38)
2025-11-24 19:01:17,539 - Knowledge - INFO - Fast-tracked /Users/veera/Documents/kavia-backend/graphnode-backend-api/data/rdk7542/223886/b6251fx/flask-223886/examples/celery/README.md (ext=.md, size=950)
2025-11-24 19:01:17,551 - Knowledge - INFO - Worker kw10 processing /Users/veera/Documents/kavia-backend/graphnode-backend-api/data/rdk7542/223886/b6251fx/flask-223886/docs/deploying/mod_wsgi.rst
2025-11-24 19:01:17,557 - Knowledge - INFO - Worker kw11 processing /Users/veera/Documents/kavia-backend/graphnode-backend-api/data/rdk7542/223886/b6251fx/flask-223886/docs/api.rst
2025-11-24 19:01:17,557 - Knowledge - INFO - Fast-tracked /Users/veera/Documents/kavia-backend/graphnode-backend-api/data/rdk7542/223886/b6251fx/flask-223886/examples/tutorial/tests/test_db.py (ext=.py, size=616)
2025-11-24 19:01:17,557 - Knowledge - INFO - Fast-tracked /Users/veera/Documents/kavia-backend/graphnode-backend-api/data/rdk7542/223886/b6251fx/flask-223886/docs/index.rst (small file (2055 bytes))
2025-11-24 19:01:17,574 - Knowledge - INFO - Worker kw13 processing /Users/veera/Documents/kavia-backend/graphnode-backend-api/data/rdk7542/223886/b6251fx/flask-223886/examples/tutorial/flaskr/templates/auth/login.html
2025-11-24 19:01:17,574 - Knowledge - INFO - Fast-tracked /Users/veera/Documents/kavia-backend/graphnode-backend-api/data/rdk7542/223886/b6251fx/flask-223886/tests/test_apps/blueprintapp/apps/frontend/__init__.py (ext=.py, size=327)
2025-11-24 19:01:17,575 - Knowledge - INFO - Worker kw16 processing /Users/veera/Documents/kavia-backend/graphnode-backend-api/data/rdk7542/223886/b6251fx/flask-223886/src/flask/sansio/README.md
2025-11-24 19:01:17,575 - Knowledge - INFO - Worker kw9 processing /Users/veera/Documents/kavia-backend/graphnode-backend-api/data/rdk7542/223886/b6251fx/flask-223886/docs/installation.rst
2025-11-24 19:01:17,594 - Knowledge - INFO - Worker kw18 processing /Users/veera/Documents/kavia-backend/graphnode-backend-api/data/rdk7542/223886/b6251fx/flask-223886/src/flask/testing.py
2025-11-24 19:01:17,606 - Knowledge - INFO - Worker kw15 processing /Users/veera/Documents/kavia-backend/graphnode-backend-api/data/rdk7542/223886/b6251fx/flask-223886/examples/javascript/js_example/templates/xhr.html
2025-11-24 19:01:17,613 - Knowledge - INFO - Worker kw17 processing /Users/veera/Documents/kavia-backend/graphnode-backend-api/data/rdk7542/223886/b6251fx/flask-223886/src/flask/json/provider.py
2025-11-24 19:01:17,626 - Knowledge - INFO - Worker kw4 processing /Users/veera/Documents/kavia-backend/graphnode-backend-api/data/rdk7542/223886/b6251fx/flask-223886/tests/test_json.py
2025-11-24 19:01:17,638 - Knowledge - INFO - Worker kw3 processing /Users/veera/Documents/kavia-backend/graphnode-backend-api/data/rdk7542/223886/b6251fx/flask-223886/tests/test_user_error_handler.py
2025-11-24 19:01:17,657 - Knowledge - INFO - Worker kw8 processing /Users/veera/Documents/kavia-backend/graphnode-backend-api/data/rdk7542/223886/b6251fx/flask-223886/docs/signals.rst
2025-11-24 19:01:17,657 - Knowledge - INFO - Worker kw2 processing /Users/veera/Documents/kavia-backend/graphnode-backend-api/data/rdk7542/223886/b6251fx/flask-223886/tests/test_apps/cliapp/multiapp.py
2025-11-24 19:01:17,663 - Knowledge - INFO - Worker kw14 processing /Users/veera/Documents/kavia-backend/graphnode-backend-api/data/rdk7542/223886/b6251fx/flask-223886/examples/celery/make_celery.py
2025-11-24 19:01:17,694 - Knowledge - INFO - Worker kw12 processing /Users/veera/Documents/kavia-backend/graphnode-backend-api/data/rdk7542/223886/b6251fx/flask-223886/examples/tutorial/tests/test_factory.py
2025-11-24 19:01:17,694 - Knowledge - INFO - Worker kw10 processing /Users/veera/Documents/kavia-backend/graphnode-backend-api/data/rdk7542/223886/b6251fx/flask-223886/docs/deploying/uwsgi.rst
2025-11-24 19:01:17,694 - Knowledge - INFO - Worker kw1 processing /Users/veera/Documents/kavia-backend/graphnode-backend-api/data/rdk7542/223886/b6251fx/flask-223886/tests/test_apps/blueprintapp/apps/frontend/templates/frontend/index.html
2025-11-24 19:01:17,696 - Knowledge - INFO - Fast-tracked /Users/veera/Documents/kavia-backend/graphnode-backend-api/data/rdk7542/223886/b6251fx/flask-223886/examples/tutorial/flaskr/templates/auth/login.html (ext=.html, size=424)
2025-11-24 19:01:17,696 - Knowledge - INFO - Worker kw11 processing /Users/veera/Documents/kavia-backend/graphnode-backend-api/data/rdk7542/223886/b6251fx/flask-223886/README.md
2025-11-24 19:01:17,702 - Knowledge - INFO - Fast-tracked /Users/veera/Documents/kavia-backend/graphnode-backend-api/data/rdk7542/223886/b6251fx/flask-223886/src/flask/sansio/README.md (ext=.md, size=228)
2025-11-24 19:01:17,726 - Knowledge - INFO - Worker kw18 processing /Users/veera/Documents/kavia-backend/graphnode-backend-api/data/rdk7542/223886/b6251fx/flask-223886/src/flask/helpers.py
2025-11-24 19:01:17,733 - Knowledge - INFO - Fast-tracked /Users/veera/Documents/kavia-backend/graphnode-backend-api/data/rdk7542/223886/b6251fx/flask-223886/examples/javascript/js_example/templates/xhr.html (ext=.html, size=933)
2025-11-24 19:01:17,733 - Knowledge - INFO - Fast-tracked /Users/veera/Documents/kavia-backend/graphnode-backend-api/data/rdk7542/223886/b6251fx/flask-223886/tests/test_user_error_handler.py (ext=.py, size=8436)
2025-11-24 19:01:17,733 - Knowledge - INFO - Fast-tracked /Users/veera/Documents/kavia-backend/graphnode-backend-api/data/rdk7542/223886/b6251fx/flask-223886/tests/test_json.py (ext=.py, size=8741)
2025-11-24 19:01:17,740 - Knowledge - INFO - Worker kw8 processing /Users/veera/Documents/kavia-backend/graphnode-backend-api/data/rdk7542/223886/b6251fx/flask-223886/docs/contributing.rst
2025-11-24 19:01:17,740 - Knowledge - INFO - Fast-tracked /Users/veera/Documents/kavia-backend/graphnode-backend-api/data/rdk7542/223886/b6251fx/flask-223886/tests/test_apps/cliapp/multiapp.py (ext=.py, size=67)
2025-11-24 19:01:17,740 - Knowledge - INFO - Fast-tracked /Users/veera/Documents/kavia-backend/graphnode-backend-api/data/rdk7542/223886/b6251fx/flask-223886/examples/celery/make_celery.py (ext=.py, size=102)
2025-11-24 19:01:17,758 - Knowledge - INFO - Worker kw17 processing /Users/veera/Documents/kavia-backend/graphnode-backend-api/data/rdk7542/223886/b6251fx/flask-223886/src/flask/json/__init__.py
2025-11-24 19:01:17,786 - Knowledge - INFO - Fast-tracked /Users/veera/Documents/kavia-backend/graphnode-backend-api/data/rdk7542/223886/b6251fx/flask-223886/examples/tutorial/tests/test_factory.py (ext=.py, size=298)
2025-11-24 19:01:17,793 - Knowledge - INFO - Fast-tracked /Users/veera/Documents/kavia-backend/graphnode-backend-api/data/rdk7542/223886/b6251fx/flask-223886/tests/test_apps/blueprintapp/apps/frontend/templates/frontend/index.html (ext=.html, size=24)
2025-11-24 19:01:17,817 - Knowledge - INFO - Worker kw13 processing /Users/veera/Documents/kavia-backend/graphnode-backend-api/data/rdk7542/223886/b6251fx/flask-223886/examples/tutorial/flaskr/templates/blog/update.html
2025-11-24 19:01:17,819 - Knowledge - INFO - Worker kw16 processing /Users/veera/Documents/kavia-backend/graphnode-backend-api/data/rdk7542/223886/b6251fx/flask-223886/src/flask/sansio/app.py
2025-11-24 19:01:17,826 - Knowledge - INFO - Fast-tracked /Users/veera/Documents/kavia-backend/graphnode-backend-api/data/rdk7542/223886/b6251fx/flask-223886/README.md (ext=.md, size=1639)
2025-11-24 19:01:17,826 - Knowledge - INFO - Worker kw18 processing /Users/veera/Documents/kavia-backend/graphnode-backend-api/data/rdk7542/223886/b6251fx/flask-223886/src/flask/__main__.py
2025-11-24 19:01:17,826 - Knowledge - INFO - Worker kw15 processing /Users/veera/Documents/kavia-backend/graphnode-backend-api/data/rdk7542/223886/b6251fx/flask-223886/examples/javascript/js_example/views.py
2025-11-24 19:01:17,832 - Knowledge - INFO - Worker kw3 processing /Users/veera/Documents/kavia-backend/graphnode-backend-api/data/rdk7542/223886/b6251fx/flask-223886/tests/templates/simple_template.html
2025-11-24 19:01:17,845 - Knowledge - INFO - Worker kw4 processing /Users/veera/Documents/kavia-backend/graphnode-backend-api/data/rdk7542/223886/b6251fx/flask-223886/tests/test_cli.py
2025-11-24 19:01:17,845 - Knowledge - INFO - Fast-tracked /Users/veera/Documents/kavia-backend/graphnode-backend-api/data/rdk7542/223886/b6251fx/flask-223886/docs/tutorial/install.rst (small file (2838 bytes))
2025-11-24 19:01:17,855 - Knowledge - INFO - Worker kw2 processing /Users/veera/Documents/kavia-backend/graphnode-backend-api/data/rdk7542/223886/b6251fx/flask-223886/tests/test_apps/cliapp/app.py
2025-11-24 19:01:17,862 - Knowledge - INFO - Fast-tracked /Users/veera/Documents/kavia-backend/graphnode-backend-api/data/rdk7542/223886/b6251fx/flask-223886/docs/contributing.rst (ext=.rst, size=274)
2025-11-24 19:01:17,868 - Knowledge - INFO - Worker kw14 processing /Users/veera/Documents/kavia-backend/graphnode-backend-api/data/rdk7542/223886/b6251fx/flask-223886/examples/celery/src/task_app/tasks.py
2025-11-24 19:01:17,894 - Knowledge - INFO - Worker kw17 processing /Users/veera/Documents/kavia-backend/graphnode-backend-api/data/rdk7542/223886/b6251fx/flask-223886/src/flask/json/tag.py
2025-11-24 19:01:17,894 - Knowledge - INFO - Worker kw12 processing /Users/veera/Documents/kavia-backend/graphnode-backend-api/data/rdk7542/223886/b6251fx/flask-223886/examples/tutorial/tests/test_blog.py
2025-11-24 19:01:17,894 - Knowledge - INFO - Worker kw1 processing /Users/veera/Documents/kavia-backend/graphnode-backend-api/data/rdk7542/223886/b6251fx/flask-223886/tests/test_apps/blueprintapp/apps/admin/__init__.py
2025-11-24 19:01:17,900 - Knowledge - INFO - Fast-tracked /Users/veera/Documents/kavia-backend/graphnode-backend-api/data/rdk7542/223886/b6251fx/flask-223886/examples/tutorial/flaskr/templates/blog/update.html (ext=.html, size=690)
2025-11-24 19:01:17,903 - Knowledge - INFO - Worker kw16 processing /Users/veera/Documents/kavia-backend/graphnode-backend-api/data/rdk7542/223886/b6251fx/flask-223886/src/flask/sansio/scaffold.py
2025-11-24 19:01:17,938 - Knowledge - INFO - Fast-tracked /Users/veera/Documents/kavia-backend/graphnode-backend-api/data/rdk7542/223886/b6251fx/flask-223886/examples/javascript/js_example/views.py (ext=.py, size=429)
2025-11-24 19:01:17,950 - Knowledge - INFO - Fast-tracked /Users/veera/Documents/kavia-backend/graphnode-backend-api/data/rdk7542/223886/b6251fx/flask-223886/tests/templates/simple_template.html (ext=.html, size=23)
2025-11-24 19:01:17,951 - Knowledge - INFO - Fast-tracked /Users/veera/Documents/kavia-backend/graphnode-backend-api/data/rdk7542/223886/b6251fx/flask-223886/src/flask/__main__.py (ext=.py, size=30)
2025-11-24 19:01:17,951 - Knowledge - INFO - Fast-tracked /Users/veera/Documents/kavia-backend/graphnode-backend-api/data/rdk7542/223886/b6251fx/flask-223886/tests/test_cli.py (ext=.py, size=20382)
2025-11-24 19:01:18,006 - Knowledge - INFO - Fast-tracked /Users/veera/Documents/kavia-backend/graphnode-backend-api/data/rdk7542/223886/b6251fx/flask-223886/examples/celery/src/task_app/tasks.py (ext=.py, size=484)
2025-11-24 19:01:18,012 - Knowledge - INFO - Worker kw17 processing /Users/veera/Documents/kavia-backend/graphnode-backend-api/data/rdk7542/223886/b6251fx/flask-223886/src/flask/cli.py
2025-11-24 19:01:18,012 - Knowledge - INFO - Fast-tracked /Users/veera/Documents/kavia-backend/graphnode-backend-api/data/rdk7542/223886/b6251fx/flask-223886/tests/test_apps/cliapp/app.py (ext=.py, size=52)
2025-11-24 19:01:18,012 - Knowledge - INFO - Fast-tracked /Users/veera/Documents/kavia-backend/graphnode-backend-api/data/rdk7542/223886/b6251fx/flask-223886/examples/tutorial/tests/test_blog.py (ext=.py, size=2503)
2025-11-24 19:01:18,018 - Knowledge - INFO - Worker kw13 processing /Users/veera/Documents/kavia-backend/graphnode-backend-api/data/rdk7542/223886/b6251fx/flask-223886/examples/tutorial/flaskr/templates/blog/index.html
2025-11-24 19:01:18,018 - Knowledge - INFO - Worker kw15 processing /Users/veera/Documents/kavia-backend/graphnode-backend-api/data/rdk7542/223886/b6251fx/flask-223886/examples/javascript/pyproject.toml
2025-11-24 19:01:18,018 - Knowledge - INFO - Fast-tracked /Users/veera/Documents/kavia-backend/graphnode-backend-api/data/rdk7542/223886/b6251fx/flask-223886/tests/test_apps/blueprintapp/apps/admin/__init__.py (ext=.py, size=366)
2025-11-24 19:01:18,027 - Knowledge - INFO - Worker kw18 processing /Users/veera/Documents/kavia-backend/graphnode-backend-api/data/rdk7542/223886/b6251fx/flask-223886/src/flask/views.py
2025-11-24 19:01:18,034 - Knowledge - INFO - Worker kw16 processing /Users/veera/Documents/kavia-backend/graphnode-backend-api/data/rdk7542/223886/b6251fx/flask-223886/src/flask/signals.py
2025-11-24 19:01:18,040 - Knowledge - INFO - Worker kw4 processing /Users/veera/Documents/kavia-backend/graphnode-backend-api/data/rdk7542/223886/b6251fx/flask-223886/tests/test_templating.py
2025-11-24 19:01:18,048 - Knowledge - INFO - Worker kw14 processing /Users/veera/Documents/kavia-backend/graphnode-backend-api/data/rdk7542/223886/b6251fx/flask-223886/examples/celery/src/task_app/__init__.py
2025-11-24 19:01:18,067 - Knowledge - INFO - Worker kw17 processing /Users/veera/Documents/kavia-backend/graphnode-backend-api/data/rdk7542/223886/b6251fx/flask-223886/src/flask/wrappers.py
2025-11-24 19:01:18,074 - Knowledge - INFO - Worker kw2 processing /Users/veera/Documents/kavia-backend/graphnode-backend-api/data/rdk7542/223886/b6251fx/flask-223886/tests/test_views.py
2025-11-24 19:01:18,074 - Knowledge - INFO - Worker kw12 processing /Users/veera/Documents/kavia-backend/graphnode-backend-api/data/rdk7542/223886/b6251fx/flask-223886/examples/tutorial/flaskr/auth.py
2025-11-24 19:01:18,115 - Knowledge - INFO - Worker kw1 processing /Users/veera/Documents/kavia-backend/graphnode-backend-api/data/rdk7542/223886/b6251fx/flask-223886/tests/test_apps/blueprintapp/apps/admin/static/css/test.css
2025-11-24 19:01:18,116 - Knowledge - INFO - Fast-tracked /Users/veera/Documents/kavia-backend/graphnode-backend-api/data/rdk7542/223886/b6251fx/flask-223886/examples/tutorial/flaskr/templates/blog/index.html (ext=.html, size=790)
2025-11-24 19:01:18,117 - Knowledge - INFO - Fast-tracked /Users/veera/Documents/kavia-backend/graphnode-backend-api/data/rdk7542/223886/b6251fx/flask-223886/examples/javascript/pyproject.toml (ext=.toml, size=736)
2025-11-24 19:01:18,117 - Knowledge - INFO - Fast-tracked /Users/veera/Documents/kavia-backend/graphnode-backend-api/data/rdk7542/223886/b6251fx/flask-223886/docs/tutorial/layout.rst (small file (2716 bytes))
2025-11-24 19:01:18,117 - Knowledge - INFO - Fast-tracked /Users/veera/Documents/kavia-backend/graphnode-backend-api/data/rdk7542/223886/b6251fx/flask-223886/src/flask/signals.py (ext=.py, size=750)
2025-11-24 19:01:18,118 - Knowledge - INFO - Fast-tracked /Users/veera/Documents/kavia-backend/graphnode-backend-api/data/rdk7542/223886/b6251fx/flask-223886/tests/test_templating.py (ext=.py, size=15403)
2025-11-24 19:01:18,125 - Knowledge - INFO - Fast-tracked /Users/veera/Documents/kavia-backend/graphnode-backend-api/data/rdk7542/223886/b6251fx/flask-223886/examples/celery/src/task_app/__init__.py (ext=.py, size=1019)
2025-11-24 19:01:18,131 - Knowledge - INFO - Fast-tracked /Users/veera/Documents/kavia-backend/graphnode-backend-api/data/rdk7542/223886/b6251fx/flask-223886/tests/test_views.py (ext=.py, size=6732)
2025-11-24 19:01:18,131 - Knowledge - INFO - Worker kw17 processing /Users/veera/Documents/kavia-backend/graphnode-backend-api/data/rdk7542/223886/b6251fx/flask-223886/src/flask/app.py
2025-11-24 19:01:18,137 - Knowledge - INFO - Worker kw13 processing /Users/veera/Documents/kavia-backend/graphnode-backend-api/data/rdk7542/223886/b6251fx/flask-223886/examples/tutorial/flaskr/templates/blog/create.html
2025-11-24 19:01:18,137 - Knowledge - INFO - Worker kw12 processing /Users/veera/Documents/kavia-backend/graphnode-backend-api/data/rdk7542/223886/b6251fx/flask-223886/examples/tutorial/flaskr/db.py
2025-11-24 19:01:18,137 - Knowledge - INFO - Worker kw15 processing /Users/veera/Documents/kavia-backend/graphnode-backend-api/data/rdk7542/223886/b6251fx/flask-223886/examples/javascript/tests/test_js_example.py
2025-11-24 19:01:18,145 - Knowledge - INFO - Fast-tracked /Users/veera/Documents/kavia-backend/graphnode-backend-api/data/rdk7542/223886/b6251fx/flask-223886/tests/test_apps/blueprintapp/apps/admin/static/css/test.css (ext=.css, size=18)
2025-11-24 19:01:18,158 - Knowledge - INFO - Worker kw16 processing /Users/veera/Documents/kavia-backend/graphnode-backend-api/data/rdk7542/223886/b6251fx/flask-223886/src/flask/sessions.py
2025-11-24 19:01:18,176 - Knowledge - INFO - Worker kw14 processing /Users/veera/Documents/kavia-backend/graphnode-backend-api/data/rdk7542/223886/b6251fx/flask-223886/examples/celery/src/task_app/templates/index.html
2025-11-24 19:01:18,187 - Knowledge - INFO - Worker kw2 processing /Users/veera/Documents/kavia-backend/graphnode-backend-api/data/rdk7542/223886/b6251fx/flask-223886/tests/test_json_tag.py
2025-11-24 19:01:18,236 - Knowledge - INFO - Fast-tracked /Users/veera/Documents/kavia-backend/graphnode-backend-api/data/rdk7542/223886/b6251fx/flask-223886/docs/shell.rst (small file (2853 bytes))
2025-11-24 19:01:18,245 - Knowledge - INFO - Fast-tracked /Users/veera/Documents/kavia-backend/graphnode-backend-api/data/rdk7542/223886/b6251fx/flask-223886/docs/deploying/waitress.rst (small file (2337 bytes))
2025-11-24 19:01:18,256 - Knowledge - INFO - Fast-tracked /Users/veera/Documents/kavia-backend/graphnode-backend-api/data/rdk7542/223886/b6251fx/flask-223886/examples/tutorial/flaskr/db.py (ext=.py, size=1317)
2025-11-24 19:01:18,256 - Knowledge - INFO - Fast-tracked /Users/veera/Documents/kavia-backend/graphnode-backend-api/data/rdk7542/223886/b6251fx/flask-223886/examples/tutorial/flaskr/templates/blog/create.html (ext=.html, size=447)
2025-11-24 19:01:18,257 - Knowledge - INFO - Fast-tracked /Users/veera/Documents/kavia-backend/graphnode-backend-api/data/rdk7542/223886/b6251fx/flask-223886/docs/patterns/streaming.rst (small file (2654 bytes))
2025-11-24 19:01:18,296 - Knowledge - INFO - Fast-tracked /Users/veera/Documents/kavia-backend/graphnode-backend-api/data/rdk7542/223886/b6251fx/flask-223886/docs/patterns/favicon.rst (small file (2100 bytes))
2025-11-24 19:01:18,297 - Knowledge - INFO - Fast-tracked /Users/veera/Documents/kavia-backend/graphnode-backend-api/data/rdk7542/223886/b6251fx/flask-223886/examples/javascript/tests/test_js_example.py (ext=.py, size=727)
2025-11-24 19:01:18,366 - Knowledge - INFO - Fast-tracked /Users/veera/Documents/kavia-backend/graphnode-backend-api/data/rdk7542/223886/b6251fx/flask-223886/docs/tutorial/index.rst (small file (2061 bytes))
2025-11-24 19:01:18,379 - Knowledge - INFO - Worker kw16 processing /Users/veera/Documents/kavia-backend/graphnode-backend-api/data/rdk7542/223886/b6251fx/flask-223886/src/flask/config.py
2025-11-24 19:01:18,424 - Knowledge - INFO - Fast-tracked /Users/veera/Documents/kavia-backend/graphnode-backend-api/data/rdk7542/223886/b6251fx/flask-223886/tests/test_json_tag.py (ext=.py, size=1998)
2025-11-24 19:01:18,431 - Knowledge - INFO - Worker kw14 processing /Users/veera/Documents/kavia-backend/graphnode-backend-api/data/rdk7542/223886/b6251fx/flask-223886/examples/celery/src/task_app/views.py
2025-11-24 19:01:18,460 - Knowledge - INFO - Worker kw12 processing /Users/veera/Documents/kavia-backend/graphnode-backend-api/data/rdk7542/223886/b6251fx/flask-223886/examples/tutorial/flaskr/schema.sql
2025-11-24 19:01:18,468 - Knowledge - INFO - Worker kw13 processing /Users/veera/Documents/kavia-backend/graphnode-backend-api/data/rdk7542/223886/b6251fx/flask-223886/examples/tutorial/flaskr/blog.py
2025-11-24 19:01:18,495 - Knowledge - INFO - Processing batch of 12 files
2025-11-24 19:01:18,512 - Knowledge - INFO - Fast-tracked /Users/veera/Documents/kavia-backend/graphnode-backend-api/data/rdk7542/223886/b6251fx/flask-223886/docs/deploying/nginx.rst (small file (2316 bytes))
2025-11-24 19:01:18,512 - Knowledge - INFO - Fast-tracked /Users/veera/Documents/kavia-backend/graphnode-backend-api/data/rdk7542/223886/b6251fx/flask-223886/docs/deploying/eventlet.rst (small file (2405 bytes))
2025-11-24 19:01:18,525 - Knowledge - INFO - Worker kw15 processing /Users/veera/Documents/kavia-backend/graphnode-backend-api/data/rdk7542/223886/b6251fx/flask-223886/examples/javascript/tests/conftest.py
2025-11-24 19:01:18,539 - Knowledge - INFO - Fast-tracked /Users/veera/Documents/kavia-backend/graphnode-backend-api/data/rdk7542/223886/b6251fx/flask-223886/src/flask/globals.py (small file (2414 bytes))
2025-11-24 19:01:18,540 - Knowledge - INFO - Fast-tracked /Users/veera/Documents/kavia-backend/graphnode-backend-api/data/rdk7542/223886/b6251fx/flask-223886/examples/tutorial/flaskr/schema.sql (ext=.sql, size=498)
2025-11-24 19:01:18,541 - Knowledge - INFO - process ingested knowledge for /Users/veera/Documents/kavia-backend/graphnode-backend-api/data/rdk7542/223886/b6251fx/flask-223886/tests/templates/escaping_template.html
2025-11-24 19:01:18,542 - Knowledge - INFO - Worker kw13 processing /Users/veera/Documents/kavia-backend/graphnode-backend-api/data/rdk7542/223886/b6251fx/flask-223886/examples/tutorial/README.rst
2025-11-24 19:01:18,545 - Knowledge - INFO - Fast-tracked /Users/veera/Documents/kavia-backend/graphnode-backend-api/data/rdk7542/223886/b6251fx/flask-223886/examples/celery/src/task_app/views.py (ext=.py, size=954)
2025-11-24 19:01:18,555 - Knowledge - INFO - Split /Users/veera/Documents/kavia-backend/graphnode-backend-api/data/rdk7542/223886/b6251fx/flask-223886/CHANGES.rst (72481 bytes) into 3 chunks of ~32KB
2025-11-24 19:01:18,571 - Knowledge - INFO - Fast-tracked /Users/veera/Documents/kavia-backend/graphnode-backend-api/data/rdk7542/223886/b6251fx/flask-223886/docs/deploying/gevent.rst (small file (2417 bytes))
2025-11-24 19:01:18,572 - Knowledge - INFO - Fast-tracked /Users/veera/Documents/kavia-backend/graphnode-backend-api/data/rdk7542/223886/b6251fx/flask-223886/examples/javascript/tests/conftest.py (ext=.py, size=216)
2025-11-24 19:01:18,572 - Knowledge - INFO - Fast-tracked /Users/veera/Documents/kavia-backend/graphnode-backend-api/data/rdk7542/223886/b6251fx/flask-223886/docs/deploying/apache-httpd.rst (small file (2364 bytes))
2025-11-24 19:01:18,593 - Knowledge - INFO - Fast-tracked /Users/veera/Documents/kavia-backend/graphnode-backend-api/data/rdk7542/223886/b6251fx/flask-223886/src/flask/__init__.py (small file (2072 bytes))
2025-11-24 19:01:18,601 - Knowledge - INFO - process ingested knowledge for /Users/veera/Documents/kavia-backend/graphnode-backend-api/data/rdk7542/223886/b6251fx/flask-223886/tests/templates/template_filter.html
2025-11-24 19:01:18,601 - Knowledge - INFO - Worker kw14 processing /Users/veera/Documents/kavia-backend/graphnode-backend-api/data/rdk7542/223886/b6251fx/flask-223886/examples/javascript/js_example/__init__.py
2025-11-24 19:01:18,623 - Knowledge - INFO - Worker kw15 processing /Users/veera/Documents/kavia-backend/graphnode-backend-api/data/rdk7542/223886/b6251fx/flask-223886/examples/javascript/README.rst
2025-11-24 19:01:18,642 - Knowledge - INFO - Fast-tracked /Users/veera/Documents/kavia-backend/graphnode-backend-api/data/rdk7542/223886/b6251fx/flask-223886/examples/tutorial/README.rst (ext=.rst, size=1273)
2025-11-24 19:01:18,656 - Knowledge - INFO - Fast-tracked /Users/veera/Documents/kavia-backend/graphnode-backend-api/data/rdk7542/223886/b6251fx/flask-223886/docs/deploying/mod_wsgi.rst (small file (2813 bytes))
2025-11-24 19:01:18,658 - Knowledge - INFO - Fast-tracked /Users/veera/Documents/kavia-backend/graphnode-backend-api/data/rdk7542/223886/b6251fx/flask-223886/examples/javascript/js_example/__init__.py (ext=.py, size=97)
2025-11-24 19:01:18,659 - Knowledge - INFO - Fast-tracked /Users/veera/Documents/kavia-backend/graphnode-backend-api/data/rdk7542/223886/b6251fx/flask-223886/examples/javascript/README.rst (ext=.rst, size=1086)
2025-11-24 19:01:18,665 - Knowledge - INFO - Processing batch of 12 files
2025-11-24 19:01:18,665 - Knowledge - INFO - process ingested knowledge for /Users/veera/Documents/kavia-backend/graphnode-backend-api/data/rdk7542/223886/b6251fx/flask-223886/tests/templates/mail.txt
2025-11-24 19:01:18,666 - Knowledge - INFO - Worker kw15 processing /Users/veera/Documents/kavia-backend/graphnode-backend-api/data/rdk7542/223886/b6251fx/flask-223886/examples/javascript/LICENSE.txt
2025-11-24 19:01:18,667 - Knowledge - INFO - process ingested knowledge for /Users/veera/Documents/kavia-backend/graphnode-backend-api/data/rdk7542/223886/b6251fx/flask-223886/tests/test_subclassing.py
2025-11-24 19:01:18,672 - Knowledge - INFO - process ingested knowledge for /Users/veera/Documents/kavia-backend/graphnode-backend-api/data/rdk7542/223886/b6251fx/flask-223886/tests/templates/template_test.html
2025-11-24 19:01:18,673 - Knowledge - INFO - Fast-tracked /Users/veera/Documents/kavia-backend/graphnode-backend-api/data/rdk7542/223886/b6251fx/flask-223886/examples/javascript/LICENSE.txt (ext=.txt, size=1475)
2025-11-24 19:01:18,673 - Knowledge - INFO - Fast-tracked /Users/veera/Documents/kavia-backend/graphnode-backend-api/data/rdk7542/223886/b6251fx/flask-223886/examples/celery/src/task_app/templates/index.html (small file (2907 bytes))
2025-11-24 19:01:18,693 - Knowledge - INFO - process ingested knowledge for /Users/veera/Documents/kavia-backend/graphnode-backend-api/data/rdk7542/223886/b6251fx/flask-223886/tests/templates/context_template.html
2025-11-24 19:01:18,736 - Knowledge - INFO - process ingested knowledge for /Users/veera/Documents/kavia-backend/graphnode-backend-api/data/rdk7542/223886/b6251fx/flask-223886/tests/test_reqctx.py
2025-11-24 19:01:18,742 - Knowledge - INFO - process ingested knowledge for /Users/veera/Documents/kavia-backend/graphnode-backend-api/data/rdk7542/223886/b6251fx/flask-223886/tests/static/index.html
2025-11-24 19:01:18,743 - Knowledge - INFO - process ingested knowledge for /Users/veera/Documents/kavia-backend/graphnode-backend-api/data/rdk7542/223886/b6251fx/flask-223886/tests/static/config.json
2025-11-24 19:01:18,754 - Knowledge - INFO - process ingested knowledge for /Users/veera/Documents/kavia-backend/graphnode-backend-api/data/rdk7542/223886/b6251fx/flask-223886/tests/static/config.toml
2025-11-24 19:01:18,756 - Knowledge - INFO - process ingested knowledge for /Users/veera/Documents/kavia-backend/graphnode-backend-api/data/rdk7542/223886/b6251fx/flask-223886/tests/templates/non_escaping_template.txt
2025-11-24 19:01:18,770 - Knowledge - INFO - process ingested knowledge for /Users/veera/Documents/kavia-backend/graphnode-backend-api/data/rdk7542/223886/b6251fx/flask-223886/tests/templates/_macro.html
2025-11-24 19:01:18,782 - Knowledge - INFO - process ingested knowledge for /Users/veera/Documents/kavia-backend/graphnode-backend-api/data/rdk7542/223886/b6251fx/flask-223886/tests/type_check/typing_route.py
2025-11-24 19:01:18,790 - Knowledge - INFO - process ingested knowledge for /Users/veera/Documents/kavia-backend/graphnode-backend-api/data/rdk7542/223886/b6251fx/flask-223886/tests/templates/nested/nested.txt
2025-11-24 19:01:18,813 - Knowledge - INFO - process ingested knowledge for /Users/veera/Documents/kavia-backend/graphnode-backend-api/data/rdk7542/223886/b6251fx/flask-223886/tests/test_helpers.py
2025-11-24 19:01:18,840 - Knowledge - INFO - process ingested knowledge for /Users/veera/Documents/kavia-backend/graphnode-backend-api/data/rdk7542/223886/b6251fx/flask-223886/tests/test_json.py
2025-11-24 19:01:19,001 - Knowledge - INFO - process ingested knowledge for /Users/veera/Documents/kavia-backend/graphnode-backend-api/data/rdk7542/223886/b6251fx/flask-223886/tests/test_cli.py
2025-11-24 19:01:19,041 - Knowledge - INFO - process ingested knowledge for /Users/veera/Documents/kavia-backend/graphnode-backend-api/data/rdk7542/223886/b6251fx/flask-223886/tests/test_templating.py
2025-11-24 19:01:19,053 - Knowledge - INFO - Fast-tracked /Users/veera/Documents/kavia-backend/graphnode-backend-api/data/rdk7542/223886/b6251fx/flask-223886/src/flask/logging.py (small file (2377 bytes))
2025-11-24 19:01:19,187 - Knowledge - INFO - process ingested knowledge for /Users/veera/Documents/kavia-backend/graphnode-backend-api/data/rdk7542/223886/b6251fx/flask-223886/tests/type_check/typing_app_decorators.py
2025-11-24 19:01:19,187 - Knowledge - INFO - Fast-tracked /Users/veera/Documents/kavia-backend/graphnode-backend-api/data/rdk7542/223886/b6251fx/flask-223886/docs/patterns/mongoengine.rst (small file (2857 bytes))
2025-11-24 19:01:19,210 - Knowledge - INFO - Processing batch of 10 files
2025-11-24 19:01:19,284 - Knowledge - INFO - process ingested knowledge for /Users/veera/Documents/kavia-backend/graphnode-backend-api/data/rdk7542/223886/b6251fx/flask-223886/examples/javascript/js_example/templates/base.html
2025-11-24 19:01:19,432 - Knowledge - INFO - Fast-tracked /Users/veera/Documents/kavia-backend/graphnode-backend-api/data/rdk7542/223886/b6251fx/flask-223886/docs/patterns/templateinheritance.rst (small file (2197 bytes))
2025-11-24 19:01:19,495 - Knowledge - INFO - process ingested knowledge for /Users/veera/Documents/kavia-backend/graphnode-backend-api/data/rdk7542/223886/b6251fx/flask-223886/examples/javascript/js_example/templates/jquery.html
2025-11-24 19:01:19,843 - Knowledge - INFO - process ingested knowledge for /Users/veera/Documents/kavia-backend/graphnode-backend-api/data/rdk7542/223886/b6251fx/flask-223886/tests/type_check/typing_error_handler.py
2025-11-24 19:01:19,864 - Knowledge - INFO - process ingested knowledge for /Users/veera/Documents/kavia-backend/graphnode-backend-api/data/rdk7542/223886/b6251fx/flask-223886/examples/javascript/js_example/templates/fetch.html
2025-11-24 19:01:19,890 - Knowledge - INFO - Processing batch of 10 files
2025-11-24 19:01:19,890 - Knowledge - INFO - process ingested knowledge for /Users/veera/Documents/kavia-backend/graphnode-backend-api/data/rdk7542/223886/b6251fx/flask-223886/examples/tutorial/LICENSE.txt
2025-11-24 19:01:19,989 - Knowledge - INFO - process ingested knowledge for /Users/veera/Documents/kavia-backend/graphnode-backend-api/data/rdk7542/223886/b6251fx/flask-223886/examples/celery/requirements.txt
2025-11-24 19:01:19,992 - Knowledge - INFO - process ingested knowledge for /Users/veera/Documents/kavia-backend/graphnode-backend-api/data/rdk7542/223886/b6251fx/flask-223886/examples/javascript/js_example/templates/xhr.html
2025-11-24 19:01:20,123 - Knowledge - INFO - process ingested knowledge for /Users/veera/Documents/kavia-backend/graphnode-backend-api/data/rdk7542/223886/b6251fx/flask-223886/tests/test_blueprints.py
2025-11-24 19:01:20,159 - Knowledge - INFO - process ingested knowledge for /Users/veera/Documents/kavia-backend/graphnode-backend-api/data/rdk7542/223886/b6251fx/flask-223886/tests/test_config.py
2025-11-24 19:01:20,174 - Knowledge - INFO - process ingested knowledge for /Users/veera/Documents/kavia-backend/graphnode-backend-api/data/rdk7542/223886/b6251fx/flask-223886/examples/celery/pyproject.toml
2025-11-24 19:01:20,321 - Knowledge - INFO - process ingested knowledge for /Users/veera/Documents/kavia-backend/graphnode-backend-api/data/rdk7542/223886/b6251fx/flask-223886/tests/test_user_error_handler.py
2025-11-24 19:01:20,373 - Knowledge - INFO - Processing batch of 15 files
2025-11-24 19:01:20,375 - Knowledge - INFO - process ingested knowledge for /Users/veera/Documents/kavia-backend/graphnode-backend-api/data/rdk7542/223886/b6251fx/flask-223886/pyproject.toml
2025-11-24 19:01:20,380 - Knowledge - INFO - process ingested knowledge for /Users/veera/Documents/kavia-backend/graphnode-backend-api/data/rdk7542/223886/b6251fx/flask-223886/examples/celery/README.md
2025-11-24 19:01:20,390 - Knowledge - INFO - process ingested knowledge for /Users/veera/Documents/kavia-backend/graphnode-backend-api/data/rdk7542/223886/b6251fx/flask-223886/tests/templates/simple_template.html
2025-11-24 19:01:20,496 - Knowledge - INFO - process ingested knowledge for /Users/veera/Documents/kavia-backend/graphnode-backend-api/data/rdk7542/223886/b6251fx/flask-223886/tests/test_basic.py
2025-11-24 19:01:20,511 - Knowledge - INFO - process ingested knowledge for /Users/veera/Documents/kavia-backend/graphnode-backend-api/data/rdk7542/223886/b6251fx/flask-223886/examples/celery/make_celery.py
2025-11-24 19:01:20,514 - Knowledge - INFO - process ingested knowledge for /Users/veera/Documents/kavia-backend/graphnode-backend-api/data/rdk7542/223886/b6251fx/flask-223886/tests/conftest.py
2025-11-24 19:01:20,534 - Knowledge - INFO - process ingested knowledge for /Users/veera/Documents/kavia-backend/graphnode-backend-api/data/rdk7542/223886/b6251fx/flask-223886/tests/test_converters.py
2025-11-24 19:01:20,585 - Knowledge - INFO - process ingested knowledge for /Users/veera/Documents/kavia-backend/graphnode-backend-api/data/rdk7542/223886/b6251fx/flask-223886/tests/test_logging.py
2025-11-24 19:01:20,585 - Knowledge - INFO - process ingested knowledge for /Users/veera/Documents/kavia-backend/graphnode-backend-api/data/rdk7542/223886/b6251fx/flask-223886/tests/test_signals.py
2025-11-24 19:01:20,585 - Knowledge - INFO - process ingested knowledge for /Users/veera/Documents/kavia-backend/graphnode-backend-api/data/rdk7542/223886/b6251fx/flask-223886/tests/test_request.py
2025-11-24 19:01:20,585 - Knowledge - INFO - process ingested knowledge for /Users/veera/Documents/kavia-backend/graphnode-backend-api/data/rdk7542/223886/b6251fx/flask-223886/tests/test_async.py
2025-11-24 19:01:20,600 - Knowledge - INFO - process ingested knowledge for /Users/veera/Documents/kavia-backend/graphnode-backend-api/data/rdk7542/223886/b6251fx/flask-223886/examples/javascript/js_example/views.py
2025-11-24 19:01:20,601 - Knowledge - INFO - Processing batch of 15 files
2025-11-24 19:01:20,601 - Knowledge - INFO - process ingested knowledge for /Users/veera/Documents/kavia-backend/graphnode-backend-api/data/rdk7542/223886/b6251fx/flask-223886/tests/test_apps/blueprintapp/apps/admin/static/test.txt
2025-11-24 19:01:20,722 - Knowledge - INFO - process ingested knowledge for /Users/veera/Documents/kavia-backend/graphnode-backend-api/data/rdk7542/223886/b6251fx/flask-223886/examples/celery/src/task_app/tasks.py
2025-11-24 19:01:20,723 - Knowledge - INFO - process ingested knowledge for /Users/veera/Documents/kavia-backend/graphnode-backend-api/data/rdk7542/223886/b6251fx/flask-223886/tests/test_session_interface.py
2025-11-24 19:01:20,749 - Knowledge - INFO - process ingested knowledge for /Users/veera/Documents/kavia-backend/graphnode-backend-api/data/rdk7542/223886/b6251fx/flask-223886/examples/celery/src/task_app/__init__.py
2025-11-24 19:01:20,756 - Knowledge - INFO - process ingested knowledge for /Users/veera/Documents/kavia-backend/graphnode-backend-api/data/rdk7542/223886/b6251fx/flask-223886/tests/test_instance_config.py
2025-11-24 19:01:20,774 - Knowledge - INFO - process ingested knowledge for /Users/veera/Documents/kavia-backend/graphnode-backend-api/data/rdk7542/223886/b6251fx/flask-223886/tests/test_apps/blueprintapp/__init__.py
2025-11-24 19:01:20,788 - Knowledge - INFO - process ingested knowledge for /Users/veera/Documents/kavia-backend/graphnode-backend-api/data/rdk7542/223886/b6251fx/flask-223886/examples/javascript/pyproject.toml
2025-11-24 19:01:20,792 - Knowledge - INFO - process ingested knowledge for /Users/veera/Documents/kavia-backend/graphnode-backend-api/data/rdk7542/223886/b6251fx/flask-223886/examples/javascript/tests/test_js_example.py
2025-11-24 19:01:20,792 - Knowledge - INFO - process ingested knowledge for /Users/veera/Documents/kavia-backend/graphnode-backend-api/data/rdk7542/223886/b6251fx/flask-223886/tests/test_apps/blueprintapp/apps/frontend/__init__.py
2025-11-24 19:01:20,898 - Knowledge - INFO - process ingested knowledge for /Users/veera/Documents/kavia-backend/graphnode-backend-api/data/rdk7542/223886/b6251fx/flask-223886/tests/test_apps/blueprintapp/apps/admin/templates/admin/index.html
2025-11-24 19:01:20,917 - Knowledge - INFO - process ingested knowledge for /Users/veera/Documents/kavia-backend/graphnode-backend-api/data/rdk7542/223886/b6251fx/flask-223886/examples/javascript/tests/conftest.py
2025-11-24 19:01:20,919 - Knowledge - INFO - process ingested knowledge for /Users/veera/Documents/kavia-backend/graphnode-backend-api/data/rdk7542/223886/b6251fx/flask-223886/tests/test_apps/blueprintapp/apps/frontend/templates/frontend/index.html
2025-11-24 19:01:20,989 - Knowledge - INFO - process ingested knowledge for /Users/veera/Documents/kavia-backend/graphnode-backend-api/data/rdk7542/223886/b6251fx/flask-223886/tests/test_apps/helloworld/hello.py
2025-11-24 19:01:21,055 - Knowledge - INFO - process ingested knowledge for /Users/veera/Documents/kavia-backend/graphnode-backend-api/data/rdk7542/223886/b6251fx/flask-223886/tests/test_apps/blueprintapp/apps/admin/__init__.py
2025-11-24 19:01:21,055 - Knowledge - INFO - process ingested knowledge for /Users/veera/Documents/kavia-backend/graphnode-backend-api/data/rdk7542/223886/b6251fx/flask-223886/examples/javascript/README.rst
2025-11-24 19:01:21,055 - Knowledge - INFO - process ingested knowledge for /Users/veera/Documents/kavia-backend/graphnode-backend-api/data/rdk7542/223886/b6251fx/flask-223886/tests/test_apps/helloworld/wsgi.py
2025-11-24 19:01:21,055 - Knowledge - INFO - process ingested knowledge for /Users/veera/Documents/kavia-backend/graphnode-backend-api/data/rdk7542/223886/b6251fx/flask-223886/tests/test_apps/blueprintapp/apps/admin/static/css/test.css
2025-11-24 19:01:21,120 - Knowledge - INFO - process ingested knowledge for /Users/veera/Documents/kavia-backend/graphnode-backend-api/data/rdk7542/223886/b6251fx/flask-223886/examples/javascript/LICENSE.txt
2025-11-24 19:01:21,166 - Knowledge - INFO - process ingested knowledge for /Users/veera/Documents/kavia-backend/graphnode-backend-api/data/rdk7542/223886/b6251fx/flask-223886/examples/celery/src/task_app/templates/index.html
2025-11-24 19:01:21,169 - Knowledge - INFO - process ingested knowledge for /Users/veera/Documents/kavia-backend/graphnode-backend-api/data/rdk7542/223886/b6251fx/flask-223886/examples/celery/src/task_app/views.py
2025-11-24 19:01:21,170 - Knowledge - INFO - process ingested knowledge for /Users/veera/Documents/kavia-backend/graphnode-backend-api/data/rdk7542/223886/b6251fx/flask-223886/tests/test_apps/subdomaintestmodule/__init__.py
2025-11-24 19:01:21,526 - Knowledge - INFO - process ingested knowledge for /Users/veera/Documents/kavia-backend/graphnode-backend-api/data/rdk7542/223886/b6251fx/flask-223886/examples/javascript/js_example/__init__.py
2025-11-24 19:01:21,839 - Knowledge - INFO - process ingested knowledge for /Users/veera/Documents/kavia-backend/graphnode-backend-api/data/rdk7542/223886/b6251fx/flask-223886/tests/test_apps/subdomaintestmodule/static/hello.txt
2025-11-24 19:01:21,887 - Knowledge - INFO - [WEBSOCKET] Sent: Type=progress_update, Size: 272, Duration: 0ms
2025-11-24 19:01:21,927 - Knowledge - INFO - [WEBSOCKET] Sent: Type=unknown, Size: ?, Duration: 40ms
2025-11-24 19:01:21,928 - Knowledge - INFO - Progress: 36.8% | Files: 74/201 | Rate: 12.77 files/sec | Queue: 0
2025-11-24 19:01:22,021 - Knowledge - INFO - process ingested knowledge for /Users/veera/Documents/kavia-backend/graphnode-backend-api/data/rdk7542/223886/b6251fx/flask-223886/tests/test_apps/cliapp/inner1/__init__.py
2025-11-24 19:01:22,147 - Knowledge - INFO - process ingested knowledge for /Users/veera/Documents/kavia-backend/graphnode-backend-api/data/rdk7542/223886/b6251fx/flask-223886/tests/test_apps/cliapp/inner1/inner2/flask.py
2025-11-24 19:01:22,415 - Knowledge - INFO - process ingested knowledge for /Users/veera/Documents/kavia-backend/graphnode-backend-api/data/rdk7542/223886/b6251fx/flask-223886/tests/test_apps/cliapp/importerrorapp.py
2025-11-24 19:01:22,487 - Knowledge - INFO - process ingested knowledge for /Users/veera/Documents/kavia-backend/graphnode-backend-api/data/rdk7542/223886/b6251fx/flask-223886/tests/test_apps/cliapp/factory.py
2025-11-24 19:01:22,665 - Knowledge - INFO - process ingested knowledge for /Users/veera/Documents/kavia-backend/graphnode-backend-api/data/rdk7542/223886/b6251fx/flask-223886/tests/test_apps/cliapp/message.txt
2025-11-24 19:01:23,300 - Knowledge - INFO - [LLM_CALL] Completed: uwsgi.rst:chunk1, Duration: 4537ms, PromptTokens: 3488, CompletionTokens: 59, Cost: $0.00037
2025-11-24 19:01:23,309 - Knowledge - INFO - done ingest for /Users/veera/Documents/kavia-backend/graphnode-backend-api/data/rdk7542/223886/b6251fx/flask-223886/docs/deploying/uwsgi.rst
2025-11-24 19:01:23,312 - Knowledge - INFO - [LLM_CALL] Completed: async-await.rst:chunk1, Duration: 4177ms, PromptTokens: 2936, CompletionTokens: 59, Cost: $0.00032
2025-11-24 19:01:23,313 - Knowledge - INFO - done ingest for /Users/veera/Documents/kavia-backend/graphnode-backend-api/data/rdk7542/223886/b6251fx/flask-223886/docs/async-await.rst
2025-11-24 19:01:23,747 - Knowledge - INFO - process ingested knowledge for /Users/veera/Documents/kavia-backend/graphnode-backend-api/data/rdk7542/223886/b6251fx/flask-223886/tests/test_apps/cliapp/multiapp.py
2025-11-24 19:01:23,856 - Knowledge - INFO - [LLM_CALL] Completed: server.rst:chunk1, Duration: 6451ms, PromptTokens: 2586, CompletionTokens: 59, Cost: $0.00028
2025-11-24 19:01:23,867 - Knowledge - INFO - done ingest for /Users/veera/Documents/kavia-backend/graphnode-backend-api/data/rdk7542/223886/b6251fx/flask-223886/docs/server.rst
2025-11-24 19:01:24,065 - Knowledge - INFO - [LLM_CALL] Completed: extensiondev.rst:chunk1, Duration: 3555ms, PromptTokens: 6492, CompletionTokens: 59, Cost: $0.00067
2025-11-24 19:01:24,065 - Knowledge - INFO - done ingest for /Users/veera/Documents/kavia-backend/graphnode-backend-api/data/rdk7542/223886/b6251fx/flask-223886/docs/extensiondev.rst
2025-11-24 19:01:24,107 - Knowledge - INFO - [LLM_CALL] Completed: blueprints.rst:chunk1, Duration: 6387ms, PromptTokens: 6168, CompletionTokens: 59, Cost: $0.00064
2025-11-24 19:01:24,122 - Knowledge - INFO - done ingest for /Users/veera/Documents/kavia-backend/graphnode-backend-api/data/rdk7542/223886/b6251fx/flask-223886/docs/blueprints.rst
2025-11-24 19:01:24,190 - Knowledge - INFO - process ingested knowledge for /Users/veera/Documents/kavia-backend/graphnode-backend-api/data/rdk7542/223886/b6251fx/flask-223886/tests/test_apps/cliapp/app.py
2025-11-24 19:01:24,190 - Knowledge - INFO - [LLM_CALL] Completed: factory.rst:chunk1, Duration: 5650ms, PromptTokens: 3522, CompletionTokens: 59, Cost: $0.00038
2025-11-24 19:01:24,191 - Knowledge - INFO - done ingest for /Users/veera/Documents/kavia-backend/graphnode-backend-api/data/rdk7542/223886/b6251fx/flask-223886/docs/tutorial/factory.rst
2025-11-24 19:01:24,295 - Knowledge - INFO - [LLM_CALL] Completed: packages.rst:chunk1, Duration: 6177ms, PromptTokens: 2652, CompletionTokens: 59, Cost: $0.00029
2025-11-24 19:01:24,295 - Knowledge - INFO - done ingest for /Users/veera/Documents/kavia-backend/graphnode-backend-api/data/rdk7542/223886/b6251fx/flask-223886/docs/patterns/packages.rst
2025-11-24 19:01:24,326 - Knowledge - INFO - [LLM_CALL] Completed: appdispatch.rst:chunk1, Duration: 5497ms, PromptTokens: 3448, CompletionTokens: 59, Cost: $0.00037
2025-11-24 19:01:24,356 - Knowledge - INFO - done ingest for /Users/veera/Documents/kavia-backend/graphnode-backend-api/data/rdk7542/223886/b6251fx/flask-223886/docs/patterns/appdispatch.rst
2025-11-24 19:01:24,392 - Knowledge - INFO - [LLM_CALL] Completed: appfactories.rst:chunk1, Duration: 5247ms, PromptTokens: 2542, CompletionTokens: 59, Cost: $0.00028
2025-11-24 19:01:24,392 - Knowledge - INFO - done ingest for /Users/veera/Documents/kavia-backend/graphnode-backend-api/data/rdk7542/223886/b6251fx/flask-223886/docs/patterns/appfactories.rst
2025-11-24 19:01:24,425 - Knowledge - INFO - process ingested knowledge for /Users/veera/Documents/kavia-backend/graphnode-backend-api/data/rdk7542/223886/b6251fx/flask-223886/tests/test_views.py
2025-11-24 19:01:24,493 - Knowledge - INFO - [LLM_CALL] Completed: appcontext.rst:chunk1, Duration: 5827ms, PromptTokens: 4174, CompletionTokens: 59, Cost: $0.00044
2025-11-24 19:01:24,496 - Knowledge - INFO - done ingest for /Users/veera/Documents/kavia-backend/graphnode-backend-api/data/rdk7542/223886/b6251fx/flask-223886/docs/appcontext.rst
2025-11-24 19:01:24,558 - Knowledge - INFO - [LLM_CALL] Completed: api.rst:chunk1, Duration: 5073ms, PromptTokens: 10048, CompletionTokens: 59, Cost: $0.00103
2025-11-24 19:01:24,567 - Knowledge - INFO - done ingest for /Users/veera/Documents/kavia-backend/graphnode-backend-api/data/rdk7542/223886/b6251fx/flask-223886/docs/api.rst
2025-11-24 19:01:24,997 - Knowledge - INFO - [LLM_CALL] Completed: database.rst:chunk1, Duration: 7251ms, PromptTokens: 3934, CompletionTokens: 59, Cost: $0.00042
2025-11-24 19:01:25,016 - Knowledge - INFO - done ingest for /Users/veera/Documents/kavia-backend/graphnode-backend-api/data/rdk7542/223886/b6251fx/flask-223886/docs/tutorial/database.rst
2025-11-24 19:01:25,082 - Knowledge - INFO - [LLM_CALL] Completed: views.rst:chunk1, Duration: 5485ms, PromptTokens: 5646, CompletionTokens: 59, Cost: $0.00059
2025-11-24 19:01:25,150 - Knowledge - INFO - done ingest for /Users/veera/Documents/kavia-backend/graphnode-backend-api/data/rdk7542/223886/b6251fx/flask-223886/docs/tutorial/views.rst
2025-11-24 19:01:25,410 - Knowledge - INFO - [LLM_CALL] Completed: flashing.rst:chunk1, Duration: 5583ms, PromptTokens: 2960, CompletionTokens: 59, Cost: $0.00032
2025-11-24 19:01:25,413 - Knowledge - INFO - done ingest for /Users/veera/Documents/kavia-backend/graphnode-backend-api/data/rdk7542/223886/b6251fx/flask-223886/docs/patterns/flashing.rst
2025-11-24 19:01:25,460 - Knowledge - INFO - process ingested knowledge for /Users/veera/Documents/kavia-backend/graphnode-backend-api/data/rdk7542/223886/b6251fx/flask-223886/tests/test_json_tag.py
2025-11-24 19:01:25,593 - Knowledge - INFO - [LLM_CALL] Completed: urlprocessors.rst:chunk1, Duration: 5356ms, PromptTokens: 2760, CompletionTokens: 59, Cost: $0.00030
2025-11-24 19:01:25,596 - Knowledge - INFO - done ingest for /Users/veera/Documents/kavia-backend/graphnode-backend-api/data/rdk7542/223886/b6251fx/flask-223886/docs/patterns/urlprocessors.rst
2025-11-24 19:01:25,652 - Knowledge - INFO - [LLM_CALL] Completed: design.rst:chunk1, Duration: 6815ms, PromptTokens: 5500, CompletionTokens: 59, Cost: $0.00057
2025-11-24 19:01:25,688 - Knowledge - INFO - done ingest for /Users/veera/Documents/kavia-backend/graphnode-backend-api/data/rdk7542/223886/b6251fx/flask-223886/docs/design.rst
2025-11-24 19:01:25,728 - Knowledge - INFO - [LLM_CALL] Completed: templates.rst:chunk1, Duration: 7680ms, PromptTokens: 4106, CompletionTokens: 59, Cost: $0.00043
2025-11-24 19:01:25,728 - Knowledge - INFO - done ingest for /Users/veera/Documents/kavia-backend/graphnode-backend-api/data/rdk7542/223886/b6251fx/flask-223886/docs/tutorial/templates.rst
2025-11-24 19:01:25,780 - Knowledge - INFO - [LLM_CALL] Completed: lazyloading.rst:chunk1, Duration: 7207ms, PromptTokens: 2512, CompletionTokens: 59, Cost: $0.00027
2025-11-24 19:01:25,781 - Knowledge - INFO - done ingest for /Users/veera/Documents/kavia-backend/graphnode-backend-api/data/rdk7542/223886/b6251fx/flask-223886/docs/patterns/lazyloading.rst
2025-11-24 19:01:25,781 - Knowledge - INFO - [LLM_CALL] Completed: sqlalchemy.rst:chunk1, Duration: 6424ms, PromptTokens: 3966, CompletionTokens: 59, Cost: $0.00042
2025-11-24 19:01:25,781 - Knowledge - INFO - done ingest for /Users/veera/Documents/kavia-backend/graphnode-backend-api/data/rdk7542/223886/b6251fx/flask-223886/docs/patterns/sqlalchemy.rst
2025-11-24 19:01:25,784 - Knowledge - INFO - [LLM_CALL] Completed: static.rst:chunk1, Duration: 6819ms, PromptTokens: 2666, CompletionTokens: 59, Cost: $0.00029
2025-11-24 19:01:25,784 - Knowledge - INFO - done ingest for /Users/veera/Documents/kavia-backend/graphnode-backend-api/data/rdk7542/223886/b6251fx/flask-223886/docs/tutorial/static.rst
2025-11-24 19:01:25,867 - Knowledge - INFO - [LLM_CALL] Completed: index.rst:chunk1, Duration: 7443ms, PromptTokens: 2230, CompletionTokens: 59, Cost: $0.00025
2025-11-24 19:01:25,876 - Knowledge - INFO - done ingest for /Users/veera/Documents/kavia-backend/graphnode-backend-api/data/rdk7542/223886/b6251fx/flask-223886/docs/deploying/index.rst
2025-11-24 19:01:25,887 - Knowledge - INFO - [LLM_CALL] Completed: tests.rst:chunk1, Duration: 6303ms, PromptTokens: 9324, CompletionTokens: 59, Cost: $0.00096
2025-11-24 19:01:25,887 - Knowledge - INFO - done ingest for /Users/veera/Documents/kavia-backend/graphnode-backend-api/data/rdk7542/223886/b6251fx/flask-223886/docs/tutorial/tests.rst
2025-11-24 19:01:25,971 - Knowledge - INFO - [LLM_CALL] Completed: gunicorn.rst:chunk1, Duration: 7914ms, PromptTokens: 2944, CompletionTokens: 59, Cost: $0.00032
2025-11-24 19:01:25,972 - Knowledge - INFO - done ingest for /Users/veera/Documents/kavia-backend/graphnode-backend-api/data/rdk7542/223886/b6251fx/flask-223886/docs/deploying/gunicorn.rst
2025-11-24 19:01:26,098 - Knowledge - INFO - [LLM_CALL] Completed: blog.py:chunk1, Duration: 7222ms, PromptTokens: 2356, CompletionTokens: 323, Cost: $0.00036
2025-11-24 19:01:26,098 - Knowledge - INFO - done ingest for /Users/veera/Documents/kavia-backend/graphnode-backend-api/data/rdk7542/223886/b6251fx/flask-223886/examples/tutorial/flaskr/blog.py
2025-11-24 19:01:26,297 - Knowledge - INFO - [LLM_CALL] Completed: signals.rst:chunk1, Duration: 6701ms, PromptTokens: 3444, CompletionTokens: 138, Cost: $0.00040
2025-11-24 19:01:26,298 - Knowledge - INFO - done ingest for /Users/veera/Documents/kavia-backend/graphnode-backend-api/data/rdk7542/223886/b6251fx/flask-223886/docs/signals.rst
2025-11-24 19:01:26,513 - Knowledge - INFO - [LLM_CALL] Completed: CHANGES.rst:chunk1, Duration: 7846ms, PromptTokens: 18164, CompletionTokens: 59, Cost: $0.00184
2025-11-24 19:01:26,748 - Knowledge - INFO - [LLM_CALL] Completed: web-security.rst:chunk1, Duration: 8631ms, PromptTokens: 6756, CompletionTokens: 59, Cost: $0.00070
2025-11-24 19:01:26,813 - Knowledge - INFO - done ingest for /Users/veera/Documents/kavia-backend/graphnode-backend-api/data/rdk7542/223886/b6251fx/flask-223886/docs/web-security.rst
2025-11-24 19:01:26,903 - Knowledge - INFO - [LLM_CALL] Completed: celery.rst:chunk1, Duration: 7949ms, PromptTokens: 4662, CompletionTokens: 115, Cost: $0.00051
2025-11-24 19:01:26,920 - Knowledge - INFO - done ingest for /Users/veera/Documents/kavia-backend/graphnode-backend-api/data/rdk7542/223886/b6251fx/flask-223886/docs/patterns/celery.rst
2025-11-24 19:01:27,087 - Knowledge - INFO - [LLM_CALL] Completed: cli.rst:chunk1, Duration: 8619ms, PromptTokens: 8794, CompletionTokens: 59, Cost: $0.00090
2025-11-24 19:01:27,095 - Knowledge - INFO - done ingest for /Users/veera/Documents/kavia-backend/graphnode-backend-api/data/rdk7542/223886/b6251fx/flask-223886/docs/cli.rst
2025-11-24 19:01:27,167 - Knowledge - INFO - [LLM_CALL] Completed: lifecycle.rst:chunk1, Duration: 6223ms, PromptTokens: 4918, CompletionTokens: 59, Cost: $0.00052
2025-11-24 19:01:27,167 - Knowledge - INFO - done ingest for /Users/veera/Documents/kavia-backend/graphnode-backend-api/data/rdk7542/223886/b6251fx/flask-223886/docs/lifecycle.rst
2025-11-24 19:01:27,608 - Knowledge - INFO - [LLM_CALL] Completed: testing.rst:chunk1, Duration: 9838ms, PromptTokens: 5428, CompletionTokens: 118, Cost: $0.00059
2025-11-24 19:01:27,627 - Knowledge - INFO - done ingest for /Users/veera/Documents/kavia-backend/graphnode-backend-api/data/rdk7542/223886/b6251fx/flask-223886/docs/testing.rst
2025-11-24 19:01:27,721 - Knowledge - INFO - [LLM_CALL] Completed: auth.py:chunk1, Duration: 9065ms, PromptTokens: 2174, CompletionTokens: 427, Cost: $0.00039
2025-11-24 19:01:27,721 - Knowledge - INFO - done ingest for /Users/veera/Documents/kavia-backend/graphnode-backend-api/data/rdk7542/223886/b6251fx/flask-223886/examples/tutorial/flaskr/auth.py
2025-11-24 19:01:28,075 - Knowledge - INFO - [LLM_CALL] Completed: debugging.rst:chunk1, Duration: 7821ms, PromptTokens: 2300, CompletionTokens: 59, Cost: $0.00025
2025-11-24 19:01:28,088 - Knowledge - INFO - done ingest for /Users/veera/Documents/kavia-backend/graphnode-backend-api/data/rdk7542/223886/b6251fx/flask-223886/docs/debugging.rst
2025-11-24 19:01:28,119 - Knowledge - INFO - [LLM_CALL] Completed: javascript.rst:chunk1, Duration: 10072ms, PromptTokens: 4994, CompletionTokens: 252, Cost: $0.00060
2025-11-24 19:01:28,119 - Knowledge - INFO - done ingest for /Users/veera/Documents/kavia-backend/graphnode-backend-api/data/rdk7542/223886/b6251fx/flask-223886/docs/patterns/javascript.rst
2025-11-24 19:01:28,171 - Knowledge - INFO - [LLM_CALL] Completed: wtforms.rst:chunk1, Duration: 10350ms, PromptTokens: 3008, CompletionTokens: 59, Cost: $0.00032
2025-11-24 19:01:28,171 - Knowledge - INFO - done ingest for /Users/veera/Documents/kavia-backend/graphnode-backend-api/data/rdk7542/223886/b6251fx/flask-223886/docs/patterns/wtforms.rst
2025-11-24 19:01:28,356 - Knowledge - INFO - [LLM_CALL] Completed: errorhandling.rst:chunk1, Duration: 10226ms, PromptTokens: 8916, CompletionTokens: 59, Cost: $0.00092
2025-11-24 19:01:28,381 - Knowledge - INFO - done ingest for /Users/veera/Documents/kavia-backend/graphnode-backend-api/data/rdk7542/223886/b6251fx/flask-223886/docs/errorhandling.rst
2025-11-24 19:01:28,388 - Knowledge - INFO - [LLM_CALL] Completed: fileuploads.rst:chunk1, Duration: 10675ms, PromptTokens: 4008, CompletionTokens: 59, Cost: $0.00042
2025-11-24 19:01:28,388 - Knowledge - INFO - done ingest for /Users/veera/Documents/kavia-backend/graphnode-backend-api/data/rdk7542/223886/b6251fx/flask-223886/docs/patterns/fileuploads.rst
2025-11-24 19:01:28,478 - Knowledge - INFO - done ingest for /Users/veera/Documents/kavia-backend/graphnode-backend-api/data/rdk7542/223886/b6251fx/flask-223886/docs/views.rst
2025-11-24 19:01:28,530 - Knowledge - INFO - [LLM_CALL] Completed: installation.rst:chunk1, Duration: 7542ms, PromptTokens: 2538, CompletionTokens: 59, Cost: $0.00028
2025-11-24 19:01:28,531 - Knowledge - INFO - done ingest for /Users/veera/Documents/kavia-backend/graphnode-backend-api/data/rdk7542/223886/b6251fx/flask-223886/docs/installation.rst
2025-11-24 19:01:28,684 - Knowledge - INFO - [LLM_CALL] Completed: quickstart.rst:chunk1, Duration: 7967ms, PromptTokens: 14970, CompletionTokens: 59, Cost: $0.00152
2025-11-24 19:01:28,748 - Knowledge - INFO - done ingest for /Users/veera/Documents/kavia-backend/graphnode-backend-api/data/rdk7542/223886/b6251fx/flask-223886/docs/quickstart.rst
2025-11-24 19:01:28,935 - Knowledge - INFO - [LLM_CALL] Completed: config.rst:chunk1, Duration: 9650ms, PromptTokens: 14318, CompletionTokens: 59, Cost: $0.00146
2025-11-24 19:01:28,944 - Knowledge - INFO - done ingest for /Users/veera/Documents/kavia-backend/graphnode-backend-api/data/rdk7542/223886/b6251fx/flask-223886/docs/config.rst
2025-11-24 19:01:28,945 - Knowledge - INFO - [LLM_CALL] Completed: typing.py:chunk1, Duration: 9892ms, PromptTokens: 2376, CompletionTokens: 292, Cost: $0.00035
2025-11-24 19:01:28,945 - Knowledge - INFO - done ingest for /Users/veera/Documents/kavia-backend/graphnode-backend-api/data/rdk7542/223886/b6251fx/flask-223886/src/flask/typing.py
2025-11-24 19:01:30,184 - Knowledge - INFO - [LLM_CALL] Completed: deploy.rst:chunk1, Duration: 12647ms, PromptTokens: 2638, CompletionTokens: 59, Cost: $0.00029
2025-11-24 19:01:30,185 - Knowledge - INFO - done ingest for /Users/veera/Documents/kavia-backend/graphnode-backend-api/data/rdk7542/223886/b6251fx/flask-223886/docs/tutorial/deploy.rst
2025-11-24 19:01:30,218 - Knowledge - INFO - [LLM_CALL] Completed: templating.rst:chunk1, Duration: 11749ms, PromptTokens: 4680, CompletionTokens: 118, Cost: $0.00052
2025-11-24 19:01:30,221 - Knowledge - INFO - done ingest for /Users/veera/Documents/kavia-backend/graphnode-backend-api/data/rdk7542/223886/b6251fx/flask-223886/docs/templating.rst
2025-11-24 19:01:30,227 - Knowledge - INFO - [LLM_CALL] Completed: blog.rst:chunk1, Duration: 12290ms, PromptTokens: 6294, CompletionTokens: 59, Cost: $0.00065
2025-11-24 19:01:30,227 - Knowledge - INFO - done ingest for /Users/veera/Documents/kavia-backend/graphnode-backend-api/data/rdk7542/223886/b6251fx/flask-223886/docs/tutorial/blog.rst
2025-11-24 19:01:30,673 - Knowledge - INFO - [LLM_CALL] Completed: logging.rst:chunk1, Duration: 12798ms, PromptTokens: 3376, CompletionTokens: 419, Cost: $0.00051
2025-11-24 19:01:30,677 - Knowledge - INFO - done ingest for /Users/veera/Documents/kavia-backend/graphnode-backend-api/data/rdk7542/223886/b6251fx/flask-223886/docs/logging.rst
2025-11-24 19:01:30,703 - Knowledge - INFO - [LLM_CALL] Completed: viewdecorators.rst:chunk1, Duration: 12170ms, PromptTokens: 3538, CompletionTokens: 244, Cost: $0.00045
2025-11-24 19:01:30,703 - Knowledge - INFO - done ingest for /Users/veera/Documents/kavia-backend/graphnode-backend-api/data/rdk7542/223886/b6251fx/flask-223886/docs/patterns/viewdecorators.rst
2025-11-24 19:01:30,813 - Knowledge - INFO - [LLM_CALL] Completed: sqlite3.rst:chunk1, Duration: 11404ms, PromptTokens: 3074, CompletionTokens: 345, Cost: $0.00045
2025-11-24 19:01:30,823 - Knowledge - INFO - done ingest for /Users/veera/Documents/kavia-backend/graphnode-backend-api/data/rdk7542/223886/b6251fx/flask-223886/docs/patterns/sqlite3.rst
2025-11-24 19:01:31,042 - Knowledge - INFO - [WEBSOCKET] Sent: Type=progress_update, Size: 272, Duration: 0ms
2025-11-24 19:01:31,062 - Knowledge - INFO - [WEBSOCKET] Sent: Type=unknown, Size: ?, Duration: 20ms
2025-11-24 19:01:31,062 - Knowledge - INFO - Progress: 42.3% | Files: 85/201 | Rate: 5.83 files/sec | Queue: 0
2025-11-24 19:01:31,172 - Knowledge - INFO - [LLM_CALL] Completed: provider.py:chunk1, Duration: 12010ms, PromptTokens: 4460, CompletionTokens: 467, Cost: $0.00063
2025-11-24 19:01:31,173 - Knowledge - INFO - done ingest for /Users/veera/Documents/kavia-backend/graphnode-backend-api/data/rdk7542/223886/b6251fx/flask-223886/src/flask/json/provider.py
2025-11-24 19:01:31,570 - Knowledge - INFO - [LLM_CALL] Completed: blueprints.py:chunk1, Duration: 12407ms, PromptTokens: 2876, CompletionTokens: 403, Cost: $0.00045
2025-11-24 19:01:31,572 - Knowledge - INFO - done ingest for /Users/veera/Documents/kavia-backend/graphnode-backend-api/data/rdk7542/223886/b6251fx/flask-223886/src/flask/blueprints.py
2025-11-24 19:01:32,023 - Knowledge - INFO - [LLM_CALL] Completed: __init__.py:chunk1, Duration: 12528ms, PromptTokens: 3614, CompletionTokens: 428, Cost: $0.00053
2025-11-24 19:01:32,025 - Knowledge - INFO - done ingest for /Users/veera/Documents/kavia-backend/graphnode-backend-api/data/rdk7542/223886/b6251fx/flask-223886/src/flask/json/__init__.py
2025-11-24 19:01:33,000 - Knowledge - INFO - [LLM_CALL] Completed: conf.py:chunk1, Duration: 14221ms, PromptTokens: 2522, CompletionTokens: 311, Cost: $0.00038
2025-11-24 19:01:33,001 - Knowledge - INFO - done ingest for /Users/veera/Documents/kavia-backend/graphnode-backend-api/data/rdk7542/223886/b6251fx/flask-223886/docs/conf.py
2025-11-24 19:01:33,253 - Knowledge - INFO - [LLM_CALL] Completed: views.py:chunk1, Duration: 13000ms, PromptTokens: 3986, CompletionTokens: 365, Cost: $0.00054
2025-11-24 19:01:33,254 - Knowledge - INFO - done ingest for /Users/veera/Documents/kavia-backend/graphnode-backend-api/data/rdk7542/223886/b6251fx/flask-223886/src/flask/views.py
2025-11-24 19:01:33,275 - Knowledge - INFO - Processing batch of 10 files
2025-11-24 19:01:33,276 - Knowledge - INFO - process ingested knowledge for /Users/veera/Documents/kavia-backend/graphnode-backend-api/data/rdk7542/223886/b6251fx/flask-223886/examples/tutorial/flaskr/__init__.py
2025-11-24 19:01:33,278 - Knowledge - INFO - Processing batch of 10 files
2025-11-24 19:01:33,282 - Knowledge - INFO - process ingested knowledge for /Users/veera/Documents/kavia-backend/graphnode-backend-api/data/rdk7542/223886/b6251fx/flask-223886/docs/deploying/gunicorn.rst
2025-11-24 19:01:33,408 - Knowledge - INFO - process ingested knowledge for /Users/veera/Documents/kavia-backend/graphnode-backend-api/data/rdk7542/223886/b6251fx/flask-223886/docs/deploying/waitress.rst
2025-11-24 19:01:33,411 - Knowledge - INFO - Processing batch of 10 files
2025-11-24 19:01:33,417 - Knowledge - INFO - process ingested knowledge for /Users/veera/Documents/kavia-backend/graphnode-backend-api/data/rdk7542/223886/b6251fx/flask-223886/docs/license.rst
2025-11-24 19:01:33,437 - Knowledge - INFO - [LLM_CALL] Completed: debughelpers.py:chunk1, Duration: 15305ms, PromptTokens: 3576, CompletionTokens: 497, Cost: $0.00056
2025-11-24 19:01:33,437 - Knowledge - INFO - done ingest for /Users/veera/Documents/kavia-backend/graphnode-backend-api/data/rdk7542/223886/b6251fx/flask-223886/src/flask/debughelpers.py
2025-11-24 19:01:33,438 - Knowledge - INFO - process ingested knowledge for /Users/veera/Documents/kavia-backend/graphnode-backend-api/data/rdk7542/223886/b6251fx/flask-223886/examples/tutorial/flaskr/static/style.css
2025-11-24 19:01:33,620 - Knowledge - INFO - process ingested knowledge for /Users/veera/Documents/kavia-backend/graphnode-backend-api/data/rdk7542/223886/b6251fx/flask-223886/docs/deploying/nginx.rst
2025-11-24 19:01:33,629 - Knowledge - INFO - process ingested knowledge for /Users/veera/Documents/kavia-backend/graphnode-backend-api/data/rdk7542/223886/b6251fx/flask-223886/docs/logging.rst
2025-11-24 19:01:33,710 - Knowledge - INFO - Processing batch of 12 files
2025-11-24 19:01:33,727 - Knowledge - INFO - process ingested knowledge for /Users/veera/Documents/kavia-backend/graphnode-backend-api/data/rdk7542/223886/b6251fx/flask-223886/docs/patterns/packages.rst
2025-11-24 19:01:33,891 - Knowledge - INFO - process ingested knowledge for /Users/veera/Documents/kavia-backend/graphnode-backend-api/data/rdk7542/223886/b6251fx/flask-223886/docs/patterns/favicon.rst
2025-11-24 19:01:33,901 - Knowledge - INFO - process ingested knowledge for /Users/veera/Documents/kavia-backend/graphnode-backend-api/data/rdk7542/223886/b6251fx/flask-223886/docs/web-security.rst
2025-11-24 19:01:33,911 - Knowledge - INFO - [LLM_CALL] Completed: ctx.py:chunk1, Duration: 15247ms, PromptTokens: 8604, CompletionTokens: 579, Cost: $0.00109
2025-11-24 19:01:33,911 - Knowledge - INFO - done ingest for /Users/veera/Documents/kavia-backend/graphnode-backend-api/data/rdk7542/223886/b6251fx/flask-223886/src/flask/ctx.py
2025-11-24 19:01:34,797 - Knowledge - INFO - process ingested knowledge for /Users/veera/Documents/kavia-backend/graphnode-backend-api/data/rdk7542/223886/b6251fx/flask-223886/docs/patterns/viewdecorators.rst
2025-11-24 19:01:34,797 - Knowledge - INFO - Processing batch of 10 files
2025-11-24 19:01:34,855 - Knowledge - INFO - process ingested knowledge for /Users/veera/Documents/kavia-backend/graphnode-backend-api/data/rdk7542/223886/b6251fx/flask-223886/examples/tutorial/flaskr/templates/base.html
2025-11-24 19:01:34,889 - Knowledge - INFO - process ingested knowledge for /Users/veera/Documents/kavia-backend/graphnode-backend-api/data/rdk7542/223886/b6251fx/flask-223886/examples/tutorial/pyproject.toml
2025-11-24 19:01:34,890 - Knowledge - INFO - process ingested knowledge for /Users/veera/Documents/kavia-backend/graphnode-backend-api/data/rdk7542/223886/b6251fx/flask-223886/docs/deploying/gevent.rst
2025-11-24 19:01:34,924 - Knowledge - INFO - process ingested knowledge for /Users/veera/Documents/kavia-backend/graphnode-backend-api/data/rdk7542/223886/b6251fx/flask-223886/docs/deploying/index.rst
2025-11-24 19:01:34,925 - Knowledge - INFO - process ingested knowledge for /Users/veera/Documents/kavia-backend/graphnode-backend-api/data/rdk7542/223886/b6251fx/flask-223886/docs/patterns/appdispatch.rst
2025-11-24 19:01:35,045 - Knowledge - INFO - [LLM_CALL] Completed: testing.py:chunk1, Duration: 15688ms, PromptTokens: 5362, CompletionTokens: 735, Cost: $0.00083
2025-11-24 19:01:35,073 - Knowledge - INFO - done ingest for /Users/veera/Documents/kavia-backend/graphnode-backend-api/data/rdk7542/223886/b6251fx/flask-223886/src/flask/testing.py
2025-11-24 19:01:35,096 - Knowledge - INFO - [LLM_CALL] Completed: config.py:chunk1, Duration: 14477ms, PromptTokens: 6490, CompletionTokens: 536, Cost: $0.00086
2025-11-24 19:01:35,096 - Knowledge - INFO - done ingest for /Users/veera/Documents/kavia-backend/graphnode-backend-api/data/rdk7542/223886/b6251fx/flask-223886/src/flask/config.py
2025-11-24 19:01:35,524 - Knowledge - INFO - process ingested knowledge for /Users/veera/Documents/kavia-backend/graphnode-backend-api/data/rdk7542/223886/b6251fx/flask-223886/examples/tutorial/tests/conftest.py
2025-11-24 19:01:35,557 - Knowledge - INFO - process ingested knowledge for /Users/veera/Documents/kavia-backend/graphnode-backend-api/data/rdk7542/223886/b6251fx/flask-223886/docs/deploying/eventlet.rst
2025-11-24 19:01:35,557 - Knowledge - INFO - Processing batch of 12 files
2025-11-24 19:01:35,557 - Knowledge - INFO - process ingested knowledge for /Users/veera/Documents/kavia-backend/graphnode-backend-api/data/rdk7542/223886/b6251fx/flask-223886/tests/test_appctx.py
2025-11-24 19:01:35,629 - Knowledge - INFO - [LLM_CALL] Completed: wrappers.py:chunk1, Duration: 15119ms, PromptTokens: 5076, CompletionTokens: 682, Cost: $0.00078
2025-11-24 19:01:35,657 - Knowledge - INFO - done ingest for /Users/veera/Documents/kavia-backend/graphnode-backend-api/data/rdk7542/223886/b6251fx/flask-223886/src/flask/wrappers.py
2025-11-24 19:01:35,668 - Knowledge - INFO - process ingested knowledge for /Users/veera/Documents/kavia-backend/graphnode-backend-api/data/rdk7542/223886/b6251fx/flask-223886/docs/deploying/proxy_fix.rst
2025-11-24 19:01:35,722 - Knowledge - INFO - process ingested knowledge for /Users/veera/Documents/kavia-backend/graphnode-backend-api/data/rdk7542/223886/b6251fx/flask-223886/tests/test_regression.py
2025-11-24 19:01:35,845 - Knowledge - INFO - process ingested knowledge for /Users/veera/Documents/kavia-backend/graphnode-backend-api/data/rdk7542/223886/b6251fx/flask-223886/tests/test_testing.py
2025-11-24 19:01:35,859 - Knowledge - INFO - process ingested knowledge for /Users/veera/Documents/kavia-backend/graphnode-backend-api/data/rdk7542/223886/b6251fx/flask-223886/examples/tutorial/tests/data.sql
2025-11-24 19:01:35,869 - Knowledge - INFO - process ingested knowledge for /Users/veera/Documents/kavia-backend/graphnode-backend-api/data/rdk7542/223886/b6251fx/flask-223886/docs/deploying/apache-httpd.rst
2025-11-24 19:01:35,927 - Knowledge - INFO - process ingested knowledge for /Users/veera/Documents/kavia-backend/graphnode-backend-api/data/rdk7542/223886/b6251fx/flask-223886/docs/extensions.rst
2025-11-24 19:01:36,031 - Knowledge - INFO - [LLM_CALL] Completed: tag.py:chunk1, Duration: 15853ms, PromptTokens: 5272, CompletionTokens: 803, Cost: $0.00085
2025-11-24 19:01:36,031 - Knowledge - INFO - done ingest for /Users/veera/Documents/kavia-backend/graphnode-backend-api/data/rdk7542/223886/b6251fx/flask-223886/src/flask/json/tag.py
2025-11-24 19:01:36,081 - Knowledge - INFO - process ingested knowledge for /Users/veera/Documents/kavia-backend/graphnode-backend-api/data/rdk7542/223886/b6251fx/flask-223886/examples/tutorial/tests/test_auth.py
2025-11-24 19:01:36,088 - Knowledge - INFO - process ingested knowledge for /Users/veera/Documents/kavia-backend/graphnode-backend-api/data/rdk7542/223886/b6251fx/flask-223886/docs/deploying/asgi.rst
2025-11-24 19:01:36,226 - Knowledge - INFO - process ingested knowledge for /Users/veera/Documents/kavia-backend/graphnode-backend-api/data/rdk7542/223886/b6251fx/flask-223886/docs/deploying/mod_wsgi.rst
2025-11-24 19:01:36,238 - Knowledge - INFO - [LLM_CALL] Completed: helpers.py:chunk1, Duration: 16550ms, PromptTokens: 11510, CompletionTokens: 844, Cost: $0.00149
2025-11-24 19:01:36,239 - Knowledge - INFO - process ingested knowledge for /Users/veera/Documents/kavia-backend/graphnode-backend-api/data/rdk7542/223886/b6251fx/flask-223886/docs/appcontext.rst
2025-11-24 19:01:36,253 - Knowledge - INFO - done ingest for /Users/veera/Documents/kavia-backend/graphnode-backend-api/data/rdk7542/223886/b6251fx/flask-223886/src/flask/helpers.py
2025-11-24 19:01:36,253 - Knowledge - INFO - process ingested knowledge for /Users/veera/Documents/kavia-backend/graphnode-backend-api/data/rdk7542/223886/b6251fx/flask-223886/docs/server.rst
2025-11-24 19:01:36,259 - Knowledge - INFO - process ingested knowledge for /Users/veera/Documents/kavia-backend/graphnode-backend-api/data/rdk7542/223886/b6251fx/flask-223886/docs/deploying/uwsgi.rst
2025-11-24 19:01:36,269 - Knowledge - INFO - process ingested knowledge for /Users/veera/Documents/kavia-backend/graphnode-backend-api/data/rdk7542/223886/b6251fx/flask-223886/examples/tutorial/flaskr/templates/auth/register.html
2025-11-24 19:01:36,276 - Knowledge - INFO - process ingested knowledge for /Users/veera/Documents/kavia-backend/graphnode-backend-api/data/rdk7542/223886/b6251fx/flask-223886/docs/changes.rst
2025-11-24 19:01:36,279 - Knowledge - INFO - process ingested knowledge for /Users/veera/Documents/kavia-backend/graphnode-backend-api/data/rdk7542/223886/b6251fx/flask-223886/docs/patterns/deferredcallbacks.rst
2025-11-24 19:01:36,279 - Knowledge - INFO - process ingested knowledge for /Users/veera/Documents/kavia-backend/graphnode-backend-api/data/rdk7542/223886/b6251fx/flask-223886/docs/index.rst
2025-11-24 19:01:36,279 - Knowledge - INFO - process ingested knowledge for /Users/veera/Documents/kavia-backend/graphnode-backend-api/data/rdk7542/223886/b6251fx/flask-223886/examples/tutorial/flaskr/templates/auth/login.html
2025-11-24 19:01:36,279 - Knowledge - INFO - process ingested knowledge for /Users/veera/Documents/kavia-backend/graphnode-backend-api/data/rdk7542/223886/b6251fx/flask-223886/docs/blueprints.rst
2025-11-24 19:01:36,580 - Knowledge - INFO - process ingested knowledge for /Users/veera/Documents/kavia-backend/graphnode-backend-api/data/rdk7542/223886/b6251fx/flask-223886/examples/tutorial/flaskr/templates/blog/update.html
2025-11-24 19:01:37,292 - Knowledge - INFO - done ingest for /Users/veera/Documents/kavia-backend/graphnode-backend-api/data/rdk7542/223886/b6251fx/flask-223886/src/flask/sansio/blueprints.py
2025-11-24 19:01:37,688 - Knowledge - INFO - Processing batch of 12 files
2025-11-24 19:01:37,688 - Knowledge - INFO - process ingested knowledge for /Users/veera/Documents/kavia-backend/graphnode-backend-api/data/rdk7542/223886/b6251fx/flask-223886/docs/tutorial/views.rst
2025-11-24 19:01:37,706 - Knowledge - INFO - process ingested knowledge for /Users/veera/Documents/kavia-backend/graphnode-backend-api/data/rdk7542/223886/b6251fx/flask-223886/examples/tutorial/tests/test_db.py
2025-11-24 19:01:37,729 - Knowledge - INFO - process ingested knowledge for /Users/veera/Documents/kavia-backend/graphnode-backend-api/data/rdk7542/223886/b6251fx/flask-223886/docs/async-await.rst
2025-11-24 19:01:37,736 - Knowledge - INFO - process ingested knowledge for /Users/veera/Documents/kavia-backend/graphnode-backend-api/data/rdk7542/223886/b6251fx/flask-223886/docs/tutorial/install.rst
2025-11-24 19:01:37,760 - Knowledge - INFO - process ingested knowledge for /Users/veera/Documents/kavia-backend/graphnode-backend-api/data/rdk7542/223886/b6251fx/flask-223886/examples/tutorial/flaskr/templates/blog/index.html
2025-11-24 19:01:37,760 - Knowledge - INFO - process ingested knowledge for /Users/veera/Documents/kavia-backend/graphnode-backend-api/data/rdk7542/223886/b6251fx/flask-223886/examples/tutorial/tests/test_factory.py
2025-11-24 19:01:37,760 - Knowledge - INFO - process ingested knowledge for /Users/veera/Documents/kavia-backend/graphnode-backend-api/data/rdk7542/223886/b6251fx/flask-223886/docs/tutorial/deploy.rst
2025-11-24 19:01:37,761 - Knowledge - INFO - [WEBSOCKET] Sent: Type=progress_update, Size: 273, Duration: 0ms
2025-11-24 19:01:37,769 - Knowledge - INFO - [WEBSOCKET] Sent: Type=unknown, Size: ?, Duration: 8ms
2025-11-24 19:01:37,769 - Knowledge - INFO - Progress: 82.6% | Files: 166/201 | Rate: 7.55 files/sec | Queue: 0
2025-11-24 19:01:37,769 - Knowledge - INFO - process ingested knowledge for /Users/veera/Documents/kavia-backend/graphnode-backend-api/data/rdk7542/223886/b6251fx/flask-223886/docs/api.rst
2025-11-24 19:01:37,850 - Knowledge - INFO - process ingested knowledge for /Users/veera/Documents/kavia-backend/graphnode-backend-api/data/rdk7542/223886/b6251fx/flask-223886/examples/tutorial/flaskr/templates/blog/create.html
2025-11-24 19:01:37,862 - Knowledge - INFO - [LLM_CALL] Completed: scaffold.py:chunk1, Duration: 17624ms, PromptTokens: 14010, CompletionTokens: 1011, Cost: $0.00181
2025-11-24 19:01:37,863 - Knowledge - INFO - done ingest for /Users/veera/Documents/kavia-backend/graphnode-backend-api/data/rdk7542/223886/b6251fx/flask-223886/src/flask/sansio/scaffold.py
2025-11-24 19:01:37,863 - Knowledge - INFO - process ingested knowledge for /Users/veera/Documents/kavia-backend/graphnode-backend-api/data/rdk7542/223886/b6251fx/flask-223886/examples/tutorial/tests/test_blog.py
2025-11-24 19:01:37,934 - Knowledge - INFO - process ingested knowledge for /Users/veera/Documents/kavia-backend/graphnode-backend-api/data/rdk7542/223886/b6251fx/flask-223886/examples/tutorial/flaskr/auth.py
2025-11-24 19:01:38,014 - Knowledge - INFO - process ingested knowledge for /Users/veera/Documents/kavia-backend/graphnode-backend-api/data/rdk7542/223886/b6251fx/flask-223886/docs/tutorial/database.rst
2025-11-24 19:01:38,026 - Knowledge - INFO - process ingested knowledge for /Users/veera/Documents/kavia-backend/graphnode-backend-api/data/rdk7542/223886/b6251fx/flask-223886/examples/tutorial/flaskr/blog.py
2025-11-24 19:01:38,044 - Knowledge - INFO - process ingested knowledge for /Users/veera/Documents/kavia-backend/graphnode-backend-api/data/rdk7542/223886/b6251fx/flask-223886/examples/tutorial/flaskr/db.py
2025-11-24 19:01:38,065 - Knowledge - INFO - process ingested knowledge for /Users/veera/Documents/kavia-backend/graphnode-backend-api/data/rdk7542/223886/b6251fx/flask-223886/docs/tutorial/templates.rst
2025-11-24 19:01:38,076 - Knowledge - INFO - [LLM_CALL] Completed: app.py:chunk1, Duration: 17365ms, PromptTokens: 18270, CompletionTokens: 927, Cost: $0.00220
2025-11-24 19:01:38,077 - Knowledge - INFO - done ingest for /Users/veera/Documents/kavia-backend/graphnode-backend-api/data/rdk7542/223886/b6251fx/flask-223886/src/flask/sansio/app.py
2025-11-24 19:01:38,089 - Knowledge - INFO - process ingested knowledge for /Users/veera/Documents/kavia-backend/graphnode-backend-api/data/rdk7542/223886/b6251fx/flask-223886/docs/patterns/requestchecksum.rst
2025-11-24 19:01:38,251 - Knowledge - INFO - [LLM_CALL] Completed: sessions.py:chunk1, Duration: 17781ms, PromptTokens: 7694, CompletionTokens: 935, Cost: $0.00114
2025-11-24 19:01:38,251 - Knowledge - INFO - done ingest for /Users/veera/Documents/kavia-backend/graphnode-backend-api/data/rdk7542/223886/b6251fx/flask-223886/src/flask/sessions.py
2025-11-24 19:01:38,469 - Knowledge - INFO - process ingested knowledge for /Users/veera/Documents/kavia-backend/graphnode-backend-api/data/rdk7542/223886/b6251fx/flask-223886/docs/tutorial/blog.rst
2025-11-24 19:01:38,475 - Knowledge - INFO - process ingested knowledge for /Users/veera/Documents/kavia-backend/graphnode-backend-api/data/rdk7542/223886/b6251fx/flask-223886/docs/patterns/subclassing.rst
2025-11-24 19:01:38,535 - Knowledge - INFO - process ingested knowledge for /Users/veera/Documents/kavia-backend/graphnode-backend-api/data/rdk7542/223886/b6251fx/flask-223886/docs/tutorial/index.rst
2025-11-24 19:01:38,562 - Knowledge - INFO - [LLM_CALL] Completed: templating.py:chunk1, Duration: 20306ms, PromptTokens: 4050, CompletionTokens: 868, Cost: $0.00075
2025-11-24 19:01:38,562 - Knowledge - INFO - done ingest for /Users/veera/Documents/kavia-backend/graphnode-backend-api/data/rdk7542/223886/b6251fx/flask-223886/src/flask/templating.py
2025-11-24 19:01:38,562 - Knowledge - INFO - Processing batch of 12 files
2025-11-24 19:01:38,562 - Knowledge - INFO - process ingested knowledge for /Users/veera/Documents/kavia-backend/graphnode-backend-api/data/rdk7542/223886/b6251fx/flask-223886/docs/testing.rst
2025-11-24 19:01:38,563 - Knowledge - INFO - process ingested knowledge for /Users/veera/Documents/kavia-backend/graphnode-backend-api/data/rdk7542/223886/b6251fx/flask-223886/examples/tutorial/README.rst
2025-11-24 19:01:38,564 - Knowledge - INFO - process ingested knowledge for /Users/veera/Documents/kavia-backend/graphnode-backend-api/data/rdk7542/223886/b6251fx/flask-223886/docs/errorhandling.rst
2025-11-24 19:01:38,691 - Knowledge - INFO - process ingested knowledge for /Users/veera/Documents/kavia-backend/graphnode-backend-api/data/rdk7542/223886/b6251fx/flask-223886/docs/tutorial/layout.rst
2025-11-24 19:01:38,711 - Knowledge - INFO - process ingested knowledge for /Users/veera/Documents/kavia-backend/graphnode-backend-api/data/rdk7542/223886/b6251fx/flask-223886/docs/tutorial/factory.rst
2025-11-24 19:01:38,738 - Knowledge - INFO - [LLM_CALL] Completed: cli.py:chunk1, Duration: 18396ms, PromptTokens: 17752, CompletionTokens: 1411, Cost: $0.00234
2025-11-24 19:01:38,739 - Knowledge - INFO - done ingest for /Users/veera/Documents/kavia-backend/graphnode-backend-api/data/rdk7542/223886/b6251fx/flask-223886/src/flask/cli.py
2025-11-24 19:01:38,901 - Knowledge - INFO - process ingested knowledge for /Users/veera/Documents/kavia-backend/graphnode-backend-api/data/rdk7542/223886/b6251fx/flask-223886/examples/tutorial/flaskr/schema.sql
2025-11-24 19:01:38,916 - Knowledge - INFO - process ingested knowledge for /Users/veera/Documents/kavia-backend/graphnode-backend-api/data/rdk7542/223886/b6251fx/flask-223886/docs/cli.rst
2025-11-24 19:01:38,918 - Knowledge - INFO - process ingested knowledge for /Users/veera/Documents/kavia-backend/graphnode-backend-api/data/rdk7542/223886/b6251fx/flask-223886/docs/conf.py
2025-11-24 19:01:38,923 - Knowledge - INFO - process ingested knowledge for /Users/veera/Documents/kavia-backend/graphnode-backend-api/data/rdk7542/223886/b6251fx/flask-223886/docs/config.rst
2025-11-24 19:01:39,012 - Knowledge - INFO - process ingested knowledge for /Users/veera/Documents/kavia-backend/graphnode-backend-api/data/rdk7542/223886/b6251fx/flask-223886/docs/tutorial/next.rst
2025-11-24 19:01:39,049 - Knowledge - INFO - process ingested knowledge for /Users/veera/Documents/kavia-backend/graphnode-backend-api/data/rdk7542/223886/b6251fx/flask-223886/docs/shell.rst
2025-11-24 19:01:39,049 - Knowledge - INFO - process ingested knowledge for /Users/veera/Documents/kavia-backend/graphnode-backend-api/data/rdk7542/223886/b6251fx/flask-223886/docs/tutorial/static.rst
2025-11-24 19:01:39,195 - Knowledge - INFO - Processing batch of 12 files
2025-11-24 19:01:39,195 - Knowledge - INFO - process ingested knowledge for /Users/veera/Documents/kavia-backend/graphnode-backend-api/data/rdk7542/223886/b6251fx/flask-223886/docs/reqcontext.rst
2025-11-24 19:01:39,195 - Knowledge - INFO - process ingested knowledge for /Users/veera/Documents/kavia-backend/graphnode-backend-api/data/rdk7542/223886/b6251fx/flask-223886/docs/patterns/fileuploads.rst
2025-11-24 19:01:39,231 - Knowledge - INFO - process ingested knowledge for /Users/veera/Documents/kavia-backend/graphnode-backend-api/data/rdk7542/223886/b6251fx/flask-223886/docs/views.rst
2025-11-24 19:01:39,279 - Knowledge - INFO - process ingested knowledge for /Users/veera/Documents/kavia-backend/graphnode-backend-api/data/rdk7542/223886/b6251fx/flask-223886/docs/patterns/caching.rst
2025-11-24 19:01:39,366 - Knowledge - INFO - Processing batch of 7 files
2025-11-24 19:01:39,368 - Knowledge - INFO - process ingested knowledge for /Users/veera/Documents/kavia-backend/graphnode-backend-api/data/rdk7542/223886/b6251fx/flask-223886/src/flask/debughelpers.py
2025-11-24 19:01:39,424 - Knowledge - INFO - process ingested knowledge for /Users/veera/Documents/kavia-backend/graphnode-backend-api/data/rdk7542/223886/b6251fx/flask-223886/docs/debugging.rst
2025-11-24 19:01:39,426 - Knowledge - INFO - process ingested knowledge for /Users/veera/Documents/kavia-backend/graphnode-backend-api/data/rdk7542/223886/b6251fx/flask-223886/docs/extensiondev.rst
2025-11-24 19:01:39,503 - Knowledge - INFO - process ingested knowledge for /Users/veera/Documents/kavia-backend/graphnode-backend-api/data/rdk7542/223886/b6251fx/flask-223886/docs/tutorial/tests.rst
2025-11-24 19:01:39,505 - Knowledge - INFO - process ingested knowledge for /Users/veera/Documents/kavia-backend/graphnode-backend-api/data/rdk7542/223886/b6251fx/flask-223886/docs/patterns/appfactories.rst
2025-11-24 19:01:39,505 - Knowledge - INFO - process ingested knowledge for /Users/veera/Documents/kavia-backend/graphnode-backend-api/data/rdk7542/223886/b6251fx/flask-223886/docs/templating.rst
2025-11-24 19:01:39,590 - Knowledge - INFO - process ingested knowledge for /Users/veera/Documents/kavia-backend/graphnode-backend-api/data/rdk7542/223886/b6251fx/flask-223886/src/flask/ctx.py
2025-11-24 19:01:39,605 - Knowledge - INFO - process ingested knowledge for /Users/veera/Documents/kavia-backend/graphnode-backend-api/data/rdk7542/223886/b6251fx/flask-223886/docs/quickstart.rst
2025-11-24 19:01:39,699 - Knowledge - INFO - process ingested knowledge for /Users/veera/Documents/kavia-backend/graphnode-backend-api/data/rdk7542/223886/b6251fx/flask-223886/README.md
2025-11-24 19:01:39,756 - Knowledge - INFO - process ingested knowledge for /Users/veera/Documents/kavia-backend/graphnode-backend-api/data/rdk7542/223886/b6251fx/flask-223886/docs/patterns/wtforms.rst
2025-11-24 19:01:39,757 - Knowledge - INFO - process ingested knowledge for /Users/veera/Documents/kavia-backend/graphnode-backend-api/data/rdk7542/223886/b6251fx/flask-223886/docs/patterns/templateinheritance.rst
2025-11-24 19:01:39,815 - Knowledge - INFO - process ingested knowledge for /Users/veera/Documents/kavia-backend/graphnode-backend-api/data/rdk7542/223886/b6251fx/flask-223886/src/flask/typing.py
2025-11-24 19:01:39,852 - Knowledge - INFO - process ingested knowledge for /Users/veera/Documents/kavia-backend/graphnode-backend-api/data/rdk7542/223886/b6251fx/flask-223886/src/flask/testing.py
2025-11-24 19:01:40,183 - Knowledge - INFO - process ingested knowledge for /Users/veera/Documents/kavia-backend/graphnode-backend-api/data/rdk7542/223886/b6251fx/flask-223886/docs/patterns/javascript.rst
2025-11-24 19:01:40,220 - Knowledge - INFO - process ingested knowledge for /Users/veera/Documents/kavia-backend/graphnode-backend-api/data/rdk7542/223886/b6251fx/flask-223886/docs/design.rst
2025-11-24 19:01:40,227 - Knowledge - INFO - process ingested knowledge for /Users/veera/Documents/kavia-backend/graphnode-backend-api/data/rdk7542/223886/b6251fx/flask-223886/docs/patterns/index.rst
2025-11-24 19:01:40,231 - Knowledge - INFO - process ingested knowledge for /Users/veera/Documents/kavia-backend/graphnode-backend-api/data/rdk7542/223886/b6251fx/flask-223886/docs/signals.rst
2025-11-24 19:01:40,231 - Knowledge - INFO - process ingested knowledge for /Users/veera/Documents/kavia-backend/graphnode-backend-api/data/rdk7542/223886/b6251fx/flask-223886/docs/patterns/mongoengine.rst
2025-11-24 19:01:40,232 - Knowledge - INFO - process ingested knowledge for /Users/veera/Documents/kavia-backend/graphnode-backend-api/data/rdk7542/223886/b6251fx/flask-223886/docs/contributing.rst
2025-11-24 19:01:40,233 - Knowledge - INFO - process ingested knowledge for /Users/veera/Documents/kavia-backend/graphnode-backend-api/data/rdk7542/223886/b6251fx/flask-223886/docs/patterns/sqlalchemy.rst
2025-11-24 19:01:40,372 - Knowledge - INFO - process ingested knowledge for /Users/veera/Documents/kavia-backend/graphnode-backend-api/data/rdk7542/223886/b6251fx/flask-223886/src/flask/helpers.py
2025-11-24 19:01:40,443 - Knowledge - INFO - process ingested knowledge for /Users/veera/Documents/kavia-backend/graphnode-backend-api/data/rdk7542/223886/b6251fx/flask-223886/docs/lifecycle.rst
2025-11-24 19:01:40,444 - Knowledge - INFO - process ingested knowledge for /Users/veera/Documents/kavia-backend/graphnode-backend-api/data/rdk7542/223886/b6251fx/flask-223886/docs/patterns/streaming.rst
2025-11-24 19:01:40,570 - Knowledge - INFO - process ingested knowledge for /Users/veera/Documents/kavia-backend/graphnode-backend-api/data/rdk7542/223886/b6251fx/flask-223886/src/flask/__main__.py
2025-11-24 19:01:40,616 - Knowledge - INFO - process ingested knowledge for /Users/veera/Documents/kavia-backend/graphnode-backend-api/data/rdk7542/223886/b6251fx/flask-223886/docs/patterns/lazyloading.rst
2025-11-24 19:01:40,833 - Knowledge - INFO - process ingested knowledge for /Users/veera/Documents/kavia-backend/graphnode-backend-api/data/rdk7542/223886/b6251fx/flask-223886/src/flask/views.py
2025-11-24 19:01:41,317 - Knowledge - INFO - [LLM_CALL] Completed: CHANGES.rst:chunk2, Duration: 14788ms, PromptTokens: 16808, CompletionTokens: 159, Cost: $0.00174
2025-11-24 19:01:41,677 - Knowledge - INFO - process ingested knowledge for /Users/veera/Documents/kavia-backend/graphnode-backend-api/data/rdk7542/223886/b6251fx/flask-223886/docs/installation.rst
2025-11-24 19:01:41,701 - Knowledge - INFO - [WEBSOCKET] Sent: Type=progress_update, Size: 270, Duration: 0ms
2025-11-24 19:01:41,718 - Knowledge - INFO - [WEBSOCKET] Sent: Type=unknown, Size: ?, Duration: 17ms
2025-11-24 19:01:41,718 - Knowledge - INFO - Progress: 90.0% | Files: 181/201 | Rate: 7.09 files/sec | Queue: 0
2025-11-24 19:01:42,731 - Knowledge - INFO - process ingested knowledge for /Users/veera/Documents/kavia-backend/graphnode-backend-api/data/rdk7542/223886/b6251fx/flask-223886/docs/patterns/jquery.rst
2025-11-24 19:01:42,928 - Knowledge - INFO - process ingested knowledge for /Users/veera/Documents/kavia-backend/graphnode-backend-api/data/rdk7542/223886/b6251fx/flask-223886/docs/patterns/celery.rst
2025-11-24 19:01:43,058 - Knowledge - INFO - done ingest for /Users/veera/Documents/kavia-backend/graphnode-backend-api/data/rdk7542/223886/b6251fx/flask-223886/src/flask/app.py
2025-11-24 19:01:43,444 - Knowledge - INFO - process ingested knowledge for /Users/veera/Documents/kavia-backend/graphnode-backend-api/data/rdk7542/223886/b6251fx/flask-223886/docs/patterns/sqlite3.rst
2025-11-24 19:01:43,664 - Knowledge - INFO - process ingested knowledge for /Users/veera/Documents/kavia-backend/graphnode-backend-api/data/rdk7542/223886/b6251fx/flask-223886/docs/patterns/methodoverrides.rst
2025-11-24 19:01:43,876 - Knowledge - INFO - [LLM_CALL] Completed: CHANGES.rst:chunk3, Duration: 2559ms, PromptTokens: 4836, CompletionTokens: 159, Cost: $0.00055
2025-11-24 19:01:43,882 - Knowledge - INFO - done ingest for /Users/veera/Documents/kavia-backend/graphnode-backend-api/data/rdk7542/223886/b6251fx/flask-223886/CHANGES.rst
2025-11-24 19:01:43,910 - Knowledge - INFO - process ingested knowledge for /Users/veera/Documents/kavia-backend/graphnode-backend-api/data/rdk7542/223886/b6251fx/flask-223886/docs/patterns/flashing.rst
2025-11-24 19:01:44,587 - Knowledge - INFO - [WEBSOCKET] Sent: Type=progress_update, Size: 271, Duration: 0ms
2025-11-24 19:01:44,615 - Knowledge - INFO - [WEBSOCKET] Sent: Type=unknown, Size: ?, Duration: 27ms
2025-11-24 19:01:44,615 - Knowledge - INFO - Progress: 92.5% | Files: 187/201 | Rate: 6.55 files/sec | Queue: 0
2025-11-24 19:01:44,823 - Knowledge - INFO - process ingested knowledge for /Users/veera/Documents/kavia-backend/graphnode-backend-api/data/rdk7542/223886/b6251fx/flask-223886/docs/patterns/singlepageapplications.rst
2025-11-24 19:01:45,006 - Knowledge - INFO - process ingested knowledge for /Users/veera/Documents/kavia-backend/graphnode-backend-api/data/rdk7542/223886/b6251fx/flask-223886/docs/patterns/urlprocessors.rst
2025-11-24 19:01:45,502 - Knowledge - INFO - Processing batch of 10 files
2025-11-24 19:01:45,503 - Knowledge - INFO - process ingested knowledge for /Users/veera/Documents/kavia-backend/graphnode-backend-api/data/rdk7542/223886/b6251fx/flask-223886/src/flask/templating.py
2025-11-24 19:01:45,559 - Knowledge - INFO - Processing batch of 10 files
2025-11-24 19:01:45,559 - Knowledge - INFO - process ingested knowledge for /Users/veera/Documents/kavia-backend/graphnode-backend-api/data/rdk7542/223886/b6251fx/flask-223886/LICENSE.txt
2025-11-24 19:01:45,616 - Knowledge - INFO - process ingested knowledge for /Users/veera/Documents/kavia-backend/graphnode-backend-api/data/rdk7542/223886/b6251fx/flask-223886/src/flask/globals.py
2025-11-24 19:01:45,617 - Knowledge - INFO - process ingested knowledge for /Users/veera/Documents/kavia-backend/graphnode-backend-api/data/rdk7542/223886/b6251fx/flask-223886/CHANGES.rst
2025-11-24 19:01:45,617 - Knowledge - INFO - process ingested knowledge for /Users/veera/Documents/kavia-backend/graphnode-backend-api/data/rdk7542/223886/b6251fx/flask-223886/src/flask/__init__.py
2025-11-24 19:01:45,618 - Knowledge - INFO - process ingested knowledge for /Users/veera/Documents/kavia-backend/graphnode-backend-api/data/rdk7542/223886/b6251fx/flask-223886/src/flask/logging.py
2025-11-24 19:01:45,618 - Knowledge - INFO - process ingested knowledge for /Users/veera/Documents/kavia-backend/graphnode-backend-api/data/rdk7542/223886/b6251fx/flask-223886/src/flask/blueprints.py
2025-11-24 19:01:45,618 - Knowledge - INFO - process ingested knowledge for /Users/veera/Documents/kavia-backend/graphnode-backend-api/data/rdk7542/223886/b6251fx/flask-223886/src/flask/sansio/blueprints.py
2025-11-24 19:01:45,619 - Knowledge - INFO - process ingested knowledge for /Users/veera/Documents/kavia-backend/graphnode-backend-api/data/rdk7542/223886/b6251fx/flask-223886/src/flask/json/provider.py
2025-11-24 19:01:45,619 - Knowledge - INFO - process ingested knowledge for /Users/veera/Documents/kavia-backend/graphnode-backend-api/data/rdk7542/223886/b6251fx/flask-223886/src/flask/sansio/README.md
2025-11-24 19:01:45,620 - Knowledge - INFO - process ingested knowledge for /Users/veera/Documents/kavia-backend/graphnode-backend-api/data/rdk7542/223886/b6251fx/flask-223886/src/flask/json/__init__.py
2025-11-24 19:01:45,620 - Knowledge - INFO - process ingested knowledge for /Users/veera/Documents/kavia-backend/graphnode-backend-api/data/rdk7542/223886/b6251fx/flask-223886/src/flask/sansio/app.py
2025-11-24 19:01:45,620 - Knowledge - INFO - process ingested knowledge for /Users/veera/Documents/kavia-backend/graphnode-backend-api/data/rdk7542/223886/b6251fx/flask-223886/src/flask/json/tag.py
2025-11-24 19:01:45,621 - Knowledge - INFO - process ingested knowledge for /Users/veera/Documents/kavia-backend/graphnode-backend-api/data/rdk7542/223886/b6251fx/flask-223886/src/flask/sansio/scaffold.py
2025-11-24 19:01:45,621 - Knowledge - INFO - process ingested knowledge for /Users/veera/Documents/kavia-backend/graphnode-backend-api/data/rdk7542/223886/b6251fx/flask-223886/src/flask/cli.py
2025-11-24 19:01:45,622 - Knowledge - INFO - process ingested knowledge for /Users/veera/Documents/kavia-backend/graphnode-backend-api/data/rdk7542/223886/b6251fx/flask-223886/src/flask/signals.py
2025-11-24 19:01:45,623 - Knowledge - INFO - process ingested knowledge for /Users/veera/Documents/kavia-backend/graphnode-backend-api/data/rdk7542/223886/b6251fx/flask-223886/src/flask/sessions.py
2025-11-24 19:01:45,623 - Knowledge - INFO - process ingested knowledge for /Users/veera/Documents/kavia-backend/graphnode-backend-api/data/rdk7542/223886/b6251fx/flask-223886/src/flask/config.py
2025-11-24 19:01:45,623 - Knowledge - INFO - process ingested knowledge for /Users/veera/Documents/kavia-backend/graphnode-backend-api/data/rdk7542/223886/b6251fx/flask-223886/src/flask/wrappers.py
2025-11-24 19:01:45,898 - Knowledge - INFO - process ingested knowledge for /Users/veera/Documents/kavia-backend/graphnode-backend-api/data/rdk7542/223886/b6251fx/flask-223886/src/flask/app.py
2025-11-24 19:01:47,365 - Knowledge - INFO - [WEBSOCKET] Sent: Type=progress_update, Size: 271, Duration: 0ms
2025-11-24 19:01:47,366 - Knowledge - INFO - [WEBSOCKET] Sent: Type=unknown, Size: ?, Duration: 0ms
2025-11-24 19:01:47,366 - Knowledge - INFO - Progress: 100.0% | Files: 201/201 | Rate: 6.36 files/sec | Queue: 0
2025-11-24 19:01:47,366 - Knowledge - INFO - Knowledge creation complete
2025-11-24 19:01:47,367 - Knowledge - INFO - ==================================================
2025-11-24 19:01:47,367 - Knowledge - INFO - KNOWLEDGE GRAPH GENERATION PERFORMANCE SUMMARY
2025-11-24 19:01:47,367 - Knowledge - INFO - ==================================================
2025-11-24 19:01:47,367 - Knowledge - INFO - Total processing time: 31.60 seconds (0.53 minutes)
2025-11-24 19:01:47,367 - Knowledge - INFO - Files processed: 0
2025-11-24 19:01:47,367 - Knowledge - INFO - Processing rate: 0.00 files/second
2025-11-24 19:01:47,367 - Knowledge - INFO - 
[TIME_BREAKDOWN]
2025-11-24 19:01:47,367 - Knowledge - INFO - File Reading: 0.00s (0.0%)
2025-11-24 19:01:47,367 - Knowledge - INFO - LLM Processing: 649.43s (2055.0%)
2025-11-24 19:01:47,367 - Knowledge - INFO - MongoDB Operations: 0.00s (0.0%)
2025-11-24 19:01:47,367 - Knowledge - INFO - Redis Operations: 0.00s (0.0%)
2025-11-24 19:01:47,367 - Knowledge - INFO - WebSocket Communication: 0.11s (0.4%)
2025-11-24 19:01:47,367 - Knowledge - INFO - 
[LLM_STATS]
2025-11-24 19:01:47,368 - Knowledge - INFO - Total LLM calls: 66
2025-11-24 19:01:47,368 - Knowledge - INFO - Average LLM response time: 9840ms
2025-11-24 19:01:47,368 - Knowledge - INFO - Average prompt tokens: 5774.2
2025-11-24 19:01:47,368 - Knowledge - INFO - Average completion tokens: 258.1
2025-11-24 19:01:47,368 - Knowledge - INFO - Total prompt tokens: 381096
2025-11-24 19:01:47,368 - Knowledge - INFO - Total completion tokens: 17035
2025-11-24 19:01:47,368 - Knowledge - INFO - Total LLM cost: $0.0449
2025-11-24 19:01:47,368 - Knowledge - INFO - 
[DATABASE_STATS]
2025-11-24 19:01:47,368 - Knowledge - INFO - MongoDB operations: 0
2025-11-24 19:01:47,368 - Knowledge - INFO - Redis operations: 0
2025-11-24 19:01:47,368 - Knowledge - INFO - 
[COMMUNICATION_STATS]
2025-11-24 19:01:47,368 - Knowledge - INFO - WebSocket messages sent: 12
2025-11-24 19:01:47,368 - Knowledge - INFO - Average message size: 135.8 bytes
2025-11-24 19:01:47,368 - Knowledge - INFO - 
[WORKER_STATS]
2025-11-24 19:01:47,368 - Knowledge - INFO - 
[FILE_TYPE_STATS]
2025-11-24 19:01:47,368 - Knowledge - INFO - 
[SLOWEST_FILES]
2025-11-24 19:01:47,368 - Knowledge - INFO - ==================================================
2025-11-24 19:01:47,368 - Knowledge - INFO - ==================================================
2025-11-24 19:01:47,368 - Knowledge - INFO - KNOWLEDGE GRAPH GENERATION PERFORMANCE SUMMARY
2025-11-24 19:01:47,368 - Knowledge - INFO - ==================================================
2025-11-24 19:01:47,368 - Knowledge - INFO - Total processing time: 31.62 seconds (0.53 minutes)
2025-11-24 19:01:47,369 - Knowledge - INFO - Files processed: 201 of 201
2025-11-24 19:01:47,369 - Knowledge - INFO - Processing rate: 6.36 files/second
2025-11-24 19:01:47,369 - Knowledge - INFO - WebSocket messages sent: 6
2025-11-24 19:01:47,369 - Knowledge - INFO - MongoDB operations: 201
2025-11-24 19:01:47,369 - Knowledge - INFO - Average MongoDB ops per file: 1.00
2025-11-24 19:01:47,369 - Knowledge - INFO - LLM costs: $0.0506
2025-11-24 19:01:47,369 - Knowledge - INFO - Prompt tokens: 426942
2025-11-24 19:01:47,369 - Knowledge - INFO - Completion tokens: 19674
2025-11-24 19:01:47,369 - Knowledge - INFO - Updating org costs, total cost: 0.050563799999999985
2025-11-24 19:02:07,967 - Knowledge - INFO - [WEBSOCKET] Sent: Type=progress_update, Size: 268, Duration: 0ms
2025-11-24 19:02:07,968 - Knowledge - INFO - 💾 SAVING TO REDIS - Prefix: knowledge:b6251fx:
2025-11-24 19:02:07,968 - Knowledge - INFO - 💾 Files to save: source_files=201, file_info=201, docs=0, code_bases=1
2025-11-24 19:02:07,968 - Knowledge - INFO - 💾 Source files list: ['/Users/veera/Documents/kavia-backend/graphnode-backend-api/data/rdk7542/223886/b6251fx/flask-223886/tests/templates/escaping_template.html', '/Users/veera/Documents/kavia-backend/graphnode-backend-api/data/rdk7542/223886/b6251fx/flask-223886/tests/templates/template_filter.html', '/Users/veera/Documents/kavia-backend/graphnode-backend-api/data/rdk7542/223886/b6251fx/flask-223886/tests/templates/mail.txt', '/Users/veera/Documents/kavia-backend/graphnode-backend-api/data/rdk7542/223886/b6251fx/flask-223886/tests/templates/template_test.html', '/Users/veera/Documents/kavia-backend/graphnode-backend-api/data/rdk7542/223886/b6251fx/flask-223886/tests/test_subclassing.py']...
2025-11-24 19:02:07,968 - Knowledge - INFO - 💾 Code bases: ['https://github.com/kavia-common/flask-223886.git:kavia-main']
2025-11-24 19:02:07,991 - Knowledge - INFO - ✅ Knowledge saved to Redis successfully - Prefix: knowledge:b6251fx:, Files: 201
2025-11-24 19:02:11,850 - Knowledge - INFO - 🔍 GETTING FROM REDIS - Requested IDs: ['b6251fx']
2025-11-24 19:02:11,850 - Knowledge - INFO - 🔍 GETTING FROM REDIS - ID: b6251fx, Prefix: knowledge:b6251fx:
2025-11-24 19:02:11,851 - Knowledge - INFO - 🔍 FOUND source_files: 201 files
2025-11-24 19:02:11,851 - Knowledge - INFO - 🔍 FOUND source_code_bases: ['https://github.com/kavia-common/flask-223886.git:kavia-main']
2025-11-24 19:02:11,878 - Knowledge - INFO - ✅ RETRIEVED FROM REDIS - source_files: 201, file_info: 201, code_bases: ['https://github.com/kavia-common/flask-223886.git:kavia-main']
2025-11-24 19:02:11,878 - Knowledge - INFO - 🔍 GETTING FROM REDIS - Requested IDs: ['EmMqGo', 'b6251fx']
2025-11-24 19:02:11,878 - Knowledge - INFO - 🔍 GETTING FROM REDIS - ID: EmMqGo, Prefix: knowledge:EmMqGo:
2025-11-24 19:02:11,883 - Knowledge - INFO - 🔍 GETTING FROM REDIS - ID: b6251fx, Prefix: knowledge:b6251fx:
2025-11-24 19:02:11,884 - Knowledge - INFO - 🔍 FOUND source_files: 201 files
2025-11-24 19:02:11,884 - Knowledge - INFO - 🔍 FOUND source_code_bases: ['https://github.com/kavia-common/flask-223886.git:kavia-main']
2025-11-24 19:02:11,902 - Knowledge - INFO - ✅ RETRIEVED FROM REDIS - source_files: 201, file_info: 201, code_bases: ['https://github.com/kavia-common/flask-223886.git:kavia-main']
